date,ave_temp,min_temp,max_temp,motor_actual,min_forcast,max_forecast,motor_est,resid,synthetic_event,synthetic_event_type
2020-01-01,0.56,-2.82,2.15,46.53,-1.16,2.48,51.06,-4.530000000000001,0,
2020-01-02,-9.0,-11.29,-4.47,47.9,-11.06,-4.52,48.67,-0.7700000000000031,0,
2020-01-03,0.35,-4.32,1.38,47.77,-3.88,1.91,50.91,-3.139999999999993,0,
2020-01-04,-1.77,-5.86,3.87,50.51,-5.33,4.38,52.65,-2.140000000000001,0,
2020-01-05,1.28,-3.17,5.74,52.54,-1.77,5.08,50.36,2.18,0,
2020-01-06,-4.47,-8.19,1.7,55.67,-8.18,1.09,49.49,6.18,0,
2020-01-07,-0.3,-2.88,4.03,54.27,-1.36,3.97,52.81,1.4600000000000009,0,
2020-01-08,5.12,-0.41,7.91,47.72,-1.09,8.03,52.15,-4.43,0,
2020-01-09,-0.72,-5.14,0.99,50.55,-3.29,2.7,48.91,1.6400000000000006,0,
2020-01-10,4.83,0.79,7.33,56.18,3.02,7.02,51.75,4.43,0,
2020-01-11,-2.72,-6.19,0.59,46.55,-6.1,1.37,48.81,-2.260000000000005,0,
2020-01-12,1.03,-2.21,2.76,48.8,-3.12,2.34,49.3,-0.5,0,
2020-01-13,4.63,0.82,5.22,50.88,0.85,3.85,50.83,0.0500000000000042,0,
2020-01-14,-0.74,-4.87,0.48,43.61,-4.73,-0.54,46.52,-2.910000000000004,0,
2020-01-15,-2.0,-6.32,3.79,49.76,-5.39,4.77,47.36,2.3999999999999986,0,
2020-01-16,-2.41,-5.73,0.94,48.17,-7.29,0.31,48.62,-0.4499999999999957,0,
2020-01-17,1.36,-2.4,5.72,50.43,-1.36,5.88,48.88,1.5499999999999972,0,
2020-01-18,-0.86,-5.93,1.03,46.52,-5.37,-0.06,49.8,-3.279999999999994,0,
2020-01-19,-2.8,-6.32,-1.57,45.93,-6.13,-1.76,47.55,-1.6199999999999974,0,
2020-01-20,-5.87,-8.68,-3.4,49.1,-8.84,-3.01,46.43,2.6700000000000017,0,
2020-01-21,-11.91,-14.86,-7.29,48.47,-15.13,-8.42,49.85,-1.3800000000000026,0,
2020-01-22,-0.71,-4.21,0.71,55.42,-2.02,0.98,49.03,6.390000000000001,0,
2020-01-23,-8.22,-12.76,-3.61,46.9,-13.6,-2.86,48.38,-1.480000000000004,0,
2020-01-24,0.34,-3.83,4.72,48.78,-4.42,5.14,47.95,0.8299999999999983,0,
2020-01-25,4.82,3.78,10.92,54.28,5.3,12.42,50.83,3.450000000000003,0,
2020-01-26,-2.49,-6.7,3.59,44.73,-8.77,5.25,49.98,-5.25,0,
2020-01-27,-2.75,-3.95,2.3,41.59,-3.85,1.38,48.11,-6.519999999999996,0,
2020-01-28,-0.87,-3.52,2.7,44.75,-3.46,3.28,50.39,-5.640000000000001,0,
2020-01-29,1.23,-0.51,8.24,54.79,-1.35,8.2,50.12,4.670000000000002,0,
2020-01-30,-9.35,-14.77,-7.28,45.04,-13.72,-7.11,47.08,-2.039999999999999,0,
2020-01-31,-4.83,-10.25,-3.38,55.47,-10.07,-2.38,47.47,8.0,0,
2020-02-01,0.32,-0.75,3.82,50.95,0.97,4.22,53.04,-2.0899999999999963,0,
2020-02-02,3.22,-1.83,5.41,50.96,-2.69,6.19,50.27,0.6899999999999977,0,
2020-02-03,3.53,0.01,6.17,54.72,-0.57,5.66,49.02,5.699999999999996,0,
2020-02-04,2.39,-0.83,8.74,59.77,0.23,9.8,52.35,7.420000000000002,0,
2020-02-05,6.68,2.89,9.59,57.15,1.96,9.31,49.52,7.6299999999999955,0,
2020-02-06,1.3,-3.16,5.45,55.2,-1.93,4.75,50.72,4.480000000000004,0,
2020-02-07,2.38,-2.11,7.0,51.61,-1.55,5.7,47.82,3.789999999999999,0,
2020-02-08,7.61,6.15,11.22,52.18,6.27,9.27,49.99,2.1899999999999977,0,
2020-02-09,-0.39,-4.14,7.14,54.03,-5.81,5.16,51.15,2.8800000000000026,0,
2020-02-10,5.87,1.7,9.42,50.5,1.6,8.77,52.54,-2.039999999999999,0,
2020-02-11,8.83,4.6,13.36,49.51,2.72,14.09,52.54,-3.030000000000001,0,
2020-02-12,7.46,3.27,9.72,51.42,3.97,9.72,51.43,-0.009999999999998,0,
2020-02-13,5.65,2.75,11.28,50.94,1.55,10.89,51.57,-0.6300000000000026,0,
2020-02-14,5.88,1.39,11.26,48.03,0.45,10.24,49.71,-1.6799999999999995,0,
2020-02-15,1.27,-1.6,6.05,52.52,-1.9,4.36,49.95,2.5700000000000003,0,
2020-02-16,0.22,-3.01,4.86,53.64,-1.46,5.12,50.1,3.539999999999999,0,
2020-02-17,4.82,0.79,9.64,53.7,-0.27,10.03,53.37,0.3300000000000054,0,
2020-02-18,2.67,-0.01,6.69,57.34,-1.17,5.24,51.87,5.470000000000006,0,
2020-02-19,3.1,0.21,6.17,44.44,0.53,5.72,48.66,-4.219999999999999,0,
2020-02-20,8.92,3.54,14.81,52.69,4.97,13.81,53.4,-0.7100000000000009,0,
2020-02-21,1.29,-2.44,5.53,47.96,-3.07,6.08,50.61,-2.6499999999999986,0,
2020-02-22,0.95,-3.01,8.27,43.82,-2.31,7.49,50.73,-6.909999999999997,0,
2020-02-23,1.34,-2.0,7.61,52.36,-2.42,6.95,52.67,-0.3100000000000023,0,
2020-02-24,1.5,-4.98,5.74,52.28,-5.52,5.13,52.73,-0.4499999999999957,0,
2020-02-25,3.31,-0.14,7.7,58.94,0.41,8.04,53.34,5.599999999999994,0,
2020-02-26,0.61,-1.26,3.66,52.4,-1.18,4.26,50.06,2.3399999999999963,0,
2020-02-27,5.16,1.83,8.52,48.04,2.71,9.53,51.83,-3.789999999999999,0,
2020-02-28,0.99,-4.19,6.05,59.0,-3.66,6.26,52.14,6.859999999999999,0,
2020-02-29,1.48,-3.93,5.32,57.55,-4.07,4.83,53.03,4.519999999999996,0,
2020-03-01,11.66,9.33,17.34,55.88,10.03,17.05,53.72,2.160000000000004,0,
2020-03-02,5.49,2.28,9.7,51.74,2.79,8.65,52.57,-0.8299999999999983,0,
2020-03-03,8.09,3.11,12.91,48.24,3.32,11.96,51.79,-3.549999999999997,0,
2020-03-04,9.69,7.08,12.95,50.62,7.93,12.82,51.99,-1.3700000000000043,0,
2020-03-05,12.89,9.03,17.82,60.01,9.69,16.79,55.98,4.030000000000001,0,
2020-03-06,10.39,6.1,17.35,63.67,5.77,19.57,56.7,6.969999999999999,0,
2020-03-07,4.11,1.29,10.17,58.98,0.71,8.99,53.27,5.709999999999994,0,
2020-03-08,7.51,1.64,14.54,53.81,0.59,15.33,55.61,-1.7999999999999972,0,
2020-03-09,5.28,-1.23,12.83,50.17,-1.39,11.76,54.31,-4.140000000000001,0,
2020-03-10,3.4,-1.36,6.53,52.34,-1.15,5.34,51.82,0.5200000000000031,0,
2020-03-11,11.6,7.91,18.12,49.36,10.16,18.53,55.91,-6.549999999999997,0,
2020-03-12,8.32,5.65,14.64,58.32,3.4,14.03,57.13,1.1899999999999975,0,
2020-03-13,10.76,6.52,15.12,54.33,5.66,15.62,54.87,-0.5399999999999991,0,
2020-03-14,3.04,-1.93,6.26,53.73,-2.63,4.9,55.45,-1.720000000000006,0,
2020-03-15,1.39,-4.78,3.84,42.78,-2.63,3.81,48.68,-5.899999999999999,0,
2020-03-16,-2.08,-5.97,3.92,55.99,-5.69,3.0,54.08,1.910000000000004,0,
2020-03-17,5.87,-0.25,12.56,52.74,0.16,14.63,54.71,-1.9699999999999989,0,
2020-03-18,-0.83,-4.24,4.57,48.49,-2.84,4.72,52.81,-4.32,0,
2020-03-19,-3.86,-8.5,3.45,45.12,-10.06,2.4,53.12,-8.0,0,
2020-03-20,6.68,4.56,8.84,51.5,3.71,6.71,51.6,-0.1000000000000014,0,
2020-03-21,14.95,11.45,18.29,62.78,10.63,18.61,56.23,6.550000000000004,0,
2020-03-22,10.49,7.8,16.88,63.05,9.09,16.94,56.91,6.140000000000001,0,
2020-03-23,2.59,-3.73,8.29,54.88,-4.33,7.14,56.57,-1.6899999999999975,0,
2020-03-24,12.16,5.86,15.46,53.04,7.32,15.8,55.27,-2.230000000000004,0,
2020-03-25,10.18,7.28,12.74,56.43,7.77,13.39,54.7,1.7299999999999969,0,
2020-03-26,5.21,2.7,10.34,51.05,3.81,10.34,54.74,-3.690000000000005,0,
2020-03-27,3.88,-1.69,7.33,57.23,-1.6,8.0,56.11,1.1199999999999974,0,
2020-03-28,4.33,0.49,10.43,58.94,0.01,9.21,56.11,2.8299999999999983,0,
2020-03-29,9.55,3.02,15.83,60.39,1.79,13.91,55.85,4.539999999999999,0,
2020-03-30,6.58,4.05,13.16,56.95,4.79,12.88,57.32,-0.3699999999999974,0,
2020-03-31,6.77,-0.97,14.43,55.84,-0.96,16.25,56.6,-0.759999999999998,0,
2020-04-01,12.14,5.5,19.03,55.88,5.52,18.97,59.12,-3.239999999999995,0,
2020-04-02,15.09,10.09,20.55,54.19,10.52,20.45,57.25,-3.0600000000000023,0,
2020-04-03,20.23,18.62,24.63,58.29,18.66,25.3,59.13,-0.8400000000000034,0,
2020-04-04,15.48,8.65,19.23,58.92,9.0,19.85,57.56,1.3599999999999994,0,
2020-04-05,14.37,10.71,21.65,60.18,11.71,20.93,56.8,3.3800000000000026,0,
2020-04-06,12.69,4.95,20.98,56.07,5.06,21.36,59.04,-2.969999999999999,0,
2020-04-07,16.73,13.3,23.09,65.52,12.06,22.28,60.0,5.519999999999996,0,
2020-04-08,12.04,6.92,17.06,57.34,5.62,17.34,58.34,-1.0,0,
2020-04-09,15.21,8.87,17.42,58.07,8.49,16.51,58.15,-0.0799999999999983,0,
2020-04-10,16.72,8.06,24.86,54.98,8.51,22.4,57.75,-2.770000000000003,0,
2020-04-11,15.24,11.37,23.33,51.47,13.84,22.94,59.47,-8.0,0,
2020-04-12,14.51,8.44,21.43,62.42,9.71,22.35,59.15,3.270000000000003,0,
2020-04-13,16.44,9.46,21.98,61.29,10.39,22.58,58.66,2.6300000000000026,0,
2020-04-14,16.89,10.23,23.78,59.1,10.28,23.37,60.14,-1.0399999999999991,0,
2020-04-15,11.89,7.59,16.24,60.17,6.23,16.09,59.79,0.3800000000000025,0,
2020-04-16,13.35,6.08,19.67,64.76,6.47,18.61,62.57,2.190000000000005,0,
2020-04-17,13.75,9.96,22.43,55.32,8.3,22.28,60.98,-5.659999999999997,0,
2020-04-18,15.22,11.94,18.97,59.08,11.94,21.01,60.66,-1.5799999999999983,0,
2020-04-19,16.29,14.68,19.88,64.89,14.97,19.88,60.65,4.240000000000002,0,
2020-04-20,13.65,11.26,15.72,53.48,9.98,15.74,57.1,-3.620000000000005,0,
2020-04-21,16.46,9.09,22.25,63.05,9.13,22.61,60.93,2.119999999999997,0,
2020-04-22,16.91,14.34,18.92,56.18,14.69,17.69,61.0,-4.82,0,
2020-04-23,13.14,8.17,22.16,66.72,8.22,22.2,65.06,1.6599999999999966,0,
2020-04-24,20.53,14.06,24.94,63.01,11.65,25.27,61.78,1.2299999999999969,0,
2020-04-25,12.45,8.15,19.63,57.07,6.24,18.74,61.66,-4.589999999999996,0,
2020-04-26,19.38,14.79,24.11,68.53,14.17,25.79,62.27,6.259999999999998,0,
2020-04-27,15.18,11.83,21.03,57.79,11.98,19.51,60.14,-2.3500000000000014,0,
2020-04-28,14.34,9.69,18.52,60.88,9.57,19.16,63.13,-2.25,0,
2020-04-29,16.71,9.68,21.31,63.4,10.24,21.88,63.05,0.3500000000000014,0,
2020-04-30,15.25,8.48,20.89,68.15,7.81,21.11,63.16,4.990000000000009,0,
2020-05-01,18.11,13.92,22.6,59.67,14.99,21.94,61.36,-1.6899999999999975,0,
2020-05-02,15.35,9.48,20.47,65.39,9.18,20.95,64.35,1.0400000000000065,0,
2020-05-03,18.04,13.9,24.2,64.72,13.77,23.43,61.2,3.519999999999996,0,
2020-05-04,16.8,10.56,23.45,67.75,10.27,23.22,63.96,3.789999999999999,0,
2020-05-05,21.33,17.01,25.4,69.6,16.43,25.94,67.15,2.4499999999999886,0,
2020-05-06,14.29,9.75,20.29,60.41,8.17,21.92,61.36,-0.9500000000000028,0,
2020-05-07,20.8,16.59,24.46,61.77,20.44,23.44,63.1,-1.3299999999999983,0,
2020-05-08,19.82,12.39,23.04,62.55,12.32,22.8,63.66,-1.1099999999999994,0,
2020-05-09,17.47,15.11,22.79,60.88,15.99,22.1,63.24,-2.3599999999999994,0,
2020-05-10,13.64,7.25,19.03,52.74,6.42,19.95,60.64,-7.899999999999999,0,
2020-05-11,20.89,16.23,27.2,70.02,14.72,26.46,65.07,4.950000000000003,0,
2020-05-12,12.15,7.36,18.1,67.87,6.21,16.99,61.57,6.300000000000004,0,
2020-05-13,15.07,10.4,19.72,59.09,9.98,20.32,64.39,-5.299999999999997,0,
2020-05-14,18.13,13.54,24.12,63.65,15.2,22.52,63.34,0.3099999999999951,0,
2020-05-15,17.81,15.47,22.63,70.55,16.49,22.13,67.08,3.469999999999999,0,
2020-05-16,18.76,14.71,25.14,76.24,15.23,25.21,64.06,12.179999999999993,0,
2020-05-17,18.37,12.58,22.98,68.05,12.07,22.92,64.3,3.75,0,
2020-05-18,21.38,15.36,29.3,66.98,16.35,29.28,67.38,-0.3999999999999915,0,
2020-05-19,16.54,9.3,23.13,66.52,10.02,24.71,63.05,3.469999999999999,0,
2020-05-20,19.68,12.8,24.51,72.11,13.07,24.15,65.73,6.379999999999996,0,
2020-05-21,18.99,13.11,25.26,68.55,12.64,25.4,67.69,-0.6400000000000006,0,
2020-05-22,14.41,7.99,20.03,63.550000000000004,7.63,20.33,62.29,-0.8399999999999963,0,
2020-05-23,13.47,7.05,19.24,68.14,8.32,19.14,64.93,0.5099999999999909,0,
2020-05-24,20.32,14.29,22.08,67.31,13.48,21.69,65.89,-1.8799999999999957,0,
2020-05-25,18.34,16.11,23.7,76.72,16.03,23.2,67.4,5.419999999999988,0,
2020-05-26,18.26,12.3,22.1,77.3,12.36,22.24,63.85,8.949999999999996,0,
2020-05-27,14.48,9.63,19.82,90.61880340576171,9.46,21.02,63.42,22.098803405761718,0,
2020-05-28,19.63,15.71,23.36,85.68,15.83,24.47,67.17,18.510000000000005,1,residual_spike_with_precursor
2020-05-29,17.83,13.23,25.91,66.25,13.58,26.05,67.33,-1.0799999999999983,0,
2020-05-30,11.6,9.67,16.25,59.85,10.88,14.38,65.64,-5.789999999999999,0,
2020-05-31,11.92,9.31,17.58,69.36,9.92,19.07,66.09,3.269999999999996,0,
2020-06-01,29.18,27.1,35.77,68.27,26.27,36.94,68.56,-0.2900000000000062,0,
2020-06-02,22.0,17.16,29.02,67.68,14.69,28.28,68.34,-0.6599999999999966,0,
2020-06-03,22.72,20.68,28.65,76.74,21.17,29.96,68.74,8.0,0,
2020-06-04,27.32,21.94,34.49,69.36,21.25,34.24,68.25,1.1099999999999994,0,
2020-06-05,24.31,21.9,30.51,68.88,21.69,31.29,71.67,-2.7900000000000063,0,
2020-06-06,24.59,19.68,30.51,67.89,19.16,29.03,69.46,-1.5699999999999932,0,
2020-06-07,23.84,21.45,27.46,70.95,21.82,27.25,66.7,4.25,0,
2020-06-08,22.44,17.45,26.85,69.61,17.99,25.77,69.19,0.4200000000000017,0,
2020-06-09,19.05,13.66,23.69,60.8,15.69,23.66,66.13,-5.329999999999998,0,
2020-06-10,19.89,16.5,25.47,72.8,16.29,26.1,69.4,3.3999999999999915,0,
2020-06-11,25.73,18.85,29.92,68.25,18.27,29.3,70.72,-2.469999999999999,0,
2020-06-12,24.03,17.75,29.44,74.7,16.71,29.03,67.77,6.930000000000007,0,
2020-06-13,22.1,16.36,26.66,74.01,16.34,26.11,70.01,4.0,0,
2020-06-14,22.55,18.86,25.97,67.68,17.47,26.84,69.34,-1.6599999999999966,0,
2020-06-15,22.13,16.41,29.22,75.21,15.44,27.68,70.47,4.739999999999995,0,
2020-06-16,24.75,19.64,29.78,72.64,20.35,30.57,72.39,0.25,0,
2020-06-17,25.01,21.19,30.66,72.7,21.16,30.31,69.54,3.1599999999999966,0,
2020-06-18,22.94,16.67,28.1,69.91,15.13,27.72,68.11,1.7999999999999972,0,
2020-06-19,22.53,17.63,30.16,65.36,17.38,31.22,68.49,-3.1299999999999955,0,
2020-06-20,26.44,21.19,31.81,66.67,21.39,32.31,69.05,-2.3799999999999955,0,
2020-06-21,24.49,17.72,30.73,73.66,18.98,30.25,69.85,3.8100000000000014,0,
2020-06-22,28.24,23.14,35.65,70.49,24.4,34.59,71.72,-1.230000000000004,0,
2020-06-23,24.6,22.05,30.2,69.32,23.35,30.79,70.81,-1.490000000000009,0,
2020-06-24,24.78,18.78,31.9,68.19,17.68,32.19,71.73,-3.5400000000000063,0,
2020-06-25,22.25,16.99,26.87,71.19,17.62,27.18,69.63,1.5600000000000025,0,
2020-06-26,19.97,14.36,26.59,79.35,14.45,27.23,71.72,7.6299999999999955,0,
2020-06-27,24.08,18.78,30.79,66.17,19.43,30.57,70.12,-3.950000000000003,0,
2020-06-28,23.17,16.52,26.73,73.84,16.63,25.96,73.75,0.0900000000000034,0,
2020-06-29,21.97,16.57,23.46,75.36,16.86,24.05,70.13,5.230000000000004,0,
2020-06-30,25.68,20.43,32.59,69.5,20.15,32.73,69.8,-0.2999999999999971,0,
2020-07-01,27.83,23.05,31.66,71.12,24.82,31.1,69.45,1.6700000000000017,0,
2020-07-02,26.58,22.07,29.94,67.57,22.08,28.23,71.5,-3.930000000000007,0,
2020-07-03,28.54,27.53,29.54,72.36,26.99,29.99,70.77,1.5900000000000034,0,
2020-07-04,26.62,24.0,29.75,71.39,22.14,28.96,72.08,-0.6899999999999977,0,
2020-07-05,24.6,22.58,26.89,74.88,23.5,26.87,71.23,3.649999999999992,0,
2020-07-06,24.25,22.43,26.85,74.85,22.44,26.16,70.46,4.390000000000001,0,
2020-07-07,27.7,26.76,28.65,77.84,25.98,28.98,69.84,8.0,0,
2020-07-08,29.03,27.73,34.48,72.13,27.17,33.72,69.99,2.140000000000001,0,
2020-07-09,24.94,22.86,27.92,71.42,23.4,28.21,70.22,1.2000000000000028,0,
2020-07-10,24.72,21.35,25.56,72.36,21.35,26.67,71.64,0.7199999999999989,0,
2020-07-11,27.75,25.35,29.08,70.23,24.68,30.05,71.54,-1.3100000000000025,0,
2020-07-12,28.23,25.34,31.66,71.09,24.59,30.83,69.83,1.2600000000000051,0,
2020-07-13,25.73,21.23,30.06,70.39,23.29,29.84,71.49,-1.0999999999999943,0,
2020-07-14,28.11,23.88,31.49,72.81,24.38,31.17,72.18,0.6299999999999955,0,
2020-07-15,26.52,23.28,28.78,74.72,23.65,30.23,69.84,4.879999999999996,0,
2020-07-16,25.72,23.49,26.18,67.27,23.66,26.98,71.0,-3.730000000000004,0,
2020-07-17,26.62,23.2,30.06,75.74,24.23,29.46,71.52,4.219999999999999,0,
2020-07-18,26.34,24.37,30.04,74.73,22.6,29.35,69.86,4.8700000000000045,0,
2020-07-19,28.16,23.88,32.09,71.91,23.37,32.82,72.35,-0.4399999999999977,0,
2020-07-20,24.75,20.71,27.8,63.95,22.03,26.93,71.8,-7.849999999999994,0,
2020-07-21,27.95,25.87,28.69,70.76,26.43,29.43,73.01,-2.25,0,
2020-07-22,28.84,28.5,32.18,78.61,28.53,32.87,73.81,4.799999999999997,0,
2020-07-23,24.31,22.49,28.56,69.16,23.26,29.03,69.25,-0.0900000000000034,0,
2020-07-24,25.0,23.96,28.65,66.31,23.93,29.51,70.01,-3.700000000000003,0,
2020-07-25,27.66,24.22,28.64,70.17,25.09,29.17,72.04,-1.8700000000000043,0,
2020-07-26,28.25,26.99,29.78,75.57,26.58,29.58,72.46,3.1099999999999994,0,
2020-07-27,25.27,23.17,25.57,73.54,21.65,24.65,71.51,2.030000000000001,0,
2020-07-28,27.8,23.64,30.72,76.48,23.37,28.05,77.37,-0.8900000000000006,0,
2020-07-29,25.07,22.03,26.44,70.3,22.24,25.94,71.66,-1.3599999999999994,0,
2020-07-30,29.1,28.5,34.68,72.92,29.82,34.78,74.37,-1.4500000000000028,0,
2020-07-31,27.57,24.65,30.48,69.63,25.61,32.65,73.05,-3.4200000000000017,0,
2020-08-01,28.69,25.43,31.11,78.67,25.29,31.09,72.69,5.980000000000004,0,
2020-08-02,27.53,24.15,31.81,70.13,25.05,30.85,71.32,-1.1899999999999975,0,
2020-08-03,30.71,27.54,33.79,77.88,26.67,33.13,73.38,4.5,0,
2020-08-04,29.4,26.77,32.15,76.39,28.28,33.22,70.77,5.6200000000000045,0,
2020-08-05,29.59,26.02,33.87,75.49,26.3,34.43,71.79,3.6999999999999886,0,
2020-08-06,26.29,21.6,31.46,69.16,20.57,31.9,70.76,-1.6000000000000083,0,
2020-08-07,29.67,24.73,33.98,73.61,24.43,33.7,72.11,1.5,0,
2020-08-08,29.64,26.67,33.08,75.35,26.69,32.56,75.44,-0.0900000000000034,0,
2020-08-09,30.77,25.87,36.34,66.26,25.03,36.4,69.6,-3.339999999999989,0,
2020-08-10,27.86,23.72,33.04,73.97,23.39,33.05,72.77,1.2000000000000028,0,
2020-08-11,30.99,26.41,33.63,65.07,29.05,33.93,69.43,-4.360000000000014,0,
2020-08-12,29.38,26.3,33.49,75.56,26.52,33.37,71.17,4.390000000000001,0,
2020-08-13,28.82,25.8,33.38,71.72,25.24,33.69,73.44,-1.7199999999999989,0,
2020-08-14,28.94,24.32,33.88,72.56,24.34,34.51,71.81,0.75,0,
2020-08-15,31.82,30.11,36.93,72.0,30.44,36.33,70.96,1.0400000000000065,0,
2020-08-16,28.06,23.37,32.64,69.33,25.24,33.31,70.28,-0.9500000000000028,0,
2020-08-17,29.67,26.8,34.22,74.99,27.32,34.06,72.82,2.1700000000000017,0,
2020-08-18,29.28,26.08,34.13,68.84,24.75,34.58,70.6,-1.759999999999991,0,
2020-08-19,30.89,28.46,34.11,75.29,29.12,33.84,72.06,3.230000000000004,0,
2020-08-20,31.78,29.99,35.65,67.14,29.65,35.78,72.12,-4.980000000000004,0,
2020-08-21,30.91,26.18,33.87,70.86,24.99,35.06,70.39,0.4699999999999988,0,
2020-08-22,29.86,27.77,33.67,81.87,29.29,34.5,74.7,7.170000000000002,0,
2020-08-23,28.47,22.87,33.62,68.31,22.46,33.9,72.01,-3.700000000000003,0,
2020-08-24,27.9,25.23,31.86,65.36,24.65,30.7,67.87,-2.510000000000005,0,
2020-08-25,29.24,27.53,33.25,73.4,27.77,33.22,71.5,1.9000000000000057,0,
2020-08-26,31.09,28.64,34.9,71.08,27.5,35.05,70.45,0.6299999999999955,0,
2020-08-27,26.46,22.2,31.71,72.14,23.12,31.47,71.77,0.3700000000000045,0,
2020-08-28,29.94,25.87,34.01,72.08,26.1,34.3,69.76,2.319999999999993,0,
2020-08-29,29.79,27.41,33.79,72.38,27.95,33.67,70.81,1.5699999999999932,0,
2020-08-30,29.84,28.38,34.92,75.54,29.27,35.15,71.96,3.5800000000000125,0,
2020-08-31,28.73,24.66,33.18,73.45,26.18,34.57,71.83,1.6200000000000043,0,
2020-09-01,25.77,20.87,31.21,67.63,19.68,31.06,68.13,-0.5,0,
2020-09-02,22.55,19.1,24.68,70.36,20.63,25.94,68.16,2.200000000000003,0,
2020-09-03,24.18,21.61,29.52,76.18,21.45,28.9,68.9,7.280000000000001,0,
2020-09-04,22.06,17.85,27.95,68.57,18.43,29.08,68.05,0.519999999999996,0,
2020-09-05,20.31,17.63,25.91,68.88,18.91,25.7,71.3,-2.4200000000000017,0,
2020-09-06,24.01,19.72,28.6,75.3,19.67,28.69,69.62,5.679999999999993,0,
2020-09-07,24.31,20.23,29.13,68.89,20.5,29.07,67.15,1.7399999999999949,0,
2020-09-08,21.98,18.37,27.52,63.44,18.63,27.21,70.01,-6.570000000000007,0,
2020-09-09,23.94,19.98,29.16,75.87,20.46,29.0,72.04,3.8299999999999983,0,
2020-09-10,26.1,25.03,27.52,69.98,24.91,28.56,70.31,-0.3299999999999983,0,
2020-09-11,20.22,16.98,25.33,66.71,19.48,26.34,65.63,1.0799999999999983,0,
2020-09-12,25.17,20.52,30.11,70.74,20.8,29.26,67.98,2.759999999999991,0,
2020-09-13,23.91,19.37,28.47,72.21,20.6,27.67,70.17,2.039999999999992,0,
2020-09-14,24.25,19.65,28.98,70.23,20.41,29.12,67.21,3.0200000000000102,0,
2020-09-15,22.3,18.43,27.48,67.3,18.83,26.27,68.56,-1.2600000000000051,0,
2020-09-16,29.17,25.66,34.61,73.7,23.94,34.68,70.49,3.210000000000008,0,
2020-09-17,26.3,25.55,28.21,67.47,24.88,27.94,66.8,0.6700000000000017,0,
2020-09-18,19.27,15.35,20.74,69.74,13.14,20.92,66.13,3.61,0,
2020-09-19,29.14,25.86,33.88,68.38,26.02,32.71,64.02,4.359999999999999,0,
2020-09-20,28.24,24.14,29.99,66.87,24.54,29.7,66.4,0.4699999999999988,0,
2020-09-21,20.77,12.98,25.19,69.98,13.58,26.65,66.03,3.950000000000003,0,
2020-09-22,26.91,22.24,30.81,66.47,23.57,30.88,65.91,0.5600000000000023,0,
2020-09-23,28.92,21.79,33.51,75.35,20.66,34.11,70.45,4.899999999999992,0,
2020-09-24,28.19,23.95,30.14,69.28,24.63,32.38,65.34,3.9399999999999977,0,
2020-09-25,23.32,19.54,27.55,74.6,18.73,26.94,66.14,8.459999999999994,0,
2020-09-26,20.39,15.75,25.65,67.61,13.98,25.25,66.37,1.2399999999999949,0,
2020-09-27,26.38,21.47,28.22,70.01,22.02,28.14,68.82,1.190000000000012,0,
2020-09-28,28.29,27.83,34.21,67.93,29.53,35.19,65.96,1.970000000000013,0,
2020-09-29,23.0,22.48,24.54,67.24,21.95,24.95,67.77,-0.5300000000000011,0,
2020-09-30,27.3,25.5,31.9,72.55,26.3,29.46,67.3,5.25,0,
2020-10-01,16.28,14.78,22.2,58.48,15.41,22.6,63.62,-5.140000000000001,0,
2020-10-02,18.09,14.8,24.97,65.8,14.93,24.22,66.06,-0.2600000000000051,0,
2020-10-03,18.11,11.92,20.34,62.3,12.13,20.76,64.41,-3.61,0,
2020-10-04,17.63,12.83,22.97,73.66,12.34,24.75,63.69,7.870000000000003,0,
2020-10-05,18.71,15.87,25.08,77.84,14.96,24.07,65.17,9.97,0,
2020-10-06,14.44,10.04,17.32,87.91825942993164,11.24,15.53,62.64,21.97825942993164,0,
2020-10-07,11.66,9.82,14.71,66.33,10.99,14.77,62.93,-0.5,0,
2020-10-08,16.15,11.13,21.13,72.26,11.79,21.98,64.66,3.1000000000000085,0,
2020-10-09,12.62,7.79,14.55,79.11,8.5,13.58,64.6,9.41000000000001,0,
2020-10-10,18.35,15.68,21.95,75.12,16.06,21.49,61.96,13.160000000000004,1,residual_spike_with_precursor
2020-10-11,14.26,8.19,17.34,66.49,9.29,16.91,65.61,0.8799999999999955,0,
2020-10-12,14.85,9.71,21.36,63.82,10.62,22.01,60.21,3.61,0,
2020-10-13,14.86,9.91,17.72,63.96,10.8,19.12,62.1,1.8599999999999997,0,
2020-10-14,18.82,14.62,24.22,65.17,14.28,25.59,64.47,0.7000000000000028,0,
2020-10-15,14.79,10.5,19.89,66.65,11.26,19.15,62.95,3.700000000000003,0,
2020-10-16,14.71,9.35,20.26,53.43,9.72,20.31,61.43,-8.0,0,
2020-10-17,16.93,13.97,18.65,64.38,13.74,18.12,61.88,2.499999999999993,0,
2020-10-18,18.52,12.48,23.18,59.51,12.3,23.21,61.93,-2.4200000000000017,0,
2020-10-19,15.59,10.61,20.57,54.41,11.21,19.55,61.19,-6.780000000000001,0,
2020-10-20,17.08,11.22,19.85,64.92,12.08,20.26,63.03,1.8900000000000008,0,
2020-10-21,18.71,12.59,25.34,68.29,12.95,25.9,63.21,5.080000000000005,0,
2020-10-22,17.5,16.47,21.41,60.67,16.9,21.98,61.18,-0.509999999999998,0,
2020-10-23,16.02,12.67,22.98,67.01,13.62,23.47,63.48,3.530000000000008,0,
2020-10-24,15.61,9.89,22.17,68.05,11.23,22.02,62.08,5.969999999999999,0,
2020-10-25,17.26,14.36,24.22,68.25,13.47,23.94,63.38,4.869999999999997,0,
2020-10-26,14.87,11.64,19.07,67.98,10.61,18.19,61.91,6.070000000000007,0,
2020-10-27,16.92,11.32,21.49,62.63,11.54,22.11,59.88,2.75,0,
2020-10-28,17.74,15.97,21.87,60.86,15.74,20.74,60.58,0.2800000000000011,0,
2020-10-29,14.35,11.13,21.09,56.12,10.98,21.4,62.05,-5.93,0,
2020-10-30,15.29,8.22,18.21,59.93,9.38,18.4,60.84,-0.9100000000000036,0,
2020-10-31,14.85,13.47,19.35,57.35,12.45,19.25,60.47,-3.119999999999997,0,
2020-11-01,13.03,8.11,17.98,67.92,6.25,17.14,59.92,8.0,0,
2020-11-02,8.02,2.93,15.16,60.21,0.72,15.37,60.86,-0.6499999999999986,0,
2020-11-03,4.45,2.11,9.29,57.43,3.78,11.0,56.97,0.4600000000000008,0,
2020-11-04,13.81,8.83,21.02,62.79,11.1,22.41,60.75,2.039999999999999,0,
2020-11-05,12.17,9.73,18.62,59.39,10.33,18.57,59.23,0.1600000000000037,0,
2020-11-06,16.41,12.13,23.1,66.12,13.63,21.97,59.85,6.270000000000003,0,
2020-11-07,15.06,11.68,21.95,59.22,12.07,23.17,61.52,-2.3000000000000043,0,
2020-11-08,18.83,14.78,24.9,62.29,14.87,24.61,61.57,0.7199999999999989,0,
2020-11-09,9.58,2.44,12.46,55.82,5.9,11.42,58.57,-2.75,0,
2020-11-10,8.23,4.51,12.99,54.66,5.88,13.36,59.55,-4.890000000000001,0,
2020-11-11,15.64,13.52,18.95,56.67,13.47,18.09,58.93,-2.259999999999998,0,
2020-11-12,17.6,12.21,19.08,59.44,12.53,20.17,59.57,-0.1300000000000025,0,
2020-11-13,17.61,14.26,21.81,57.07,14.6,21.79,58.66,-1.5899999999999963,0,
2020-11-14,15.43,11.77,20.07,56.51,12.73,20.12,59.07,-2.5600000000000023,0,
2020-11-15,13.37,12.61,19.89,53.23,11.13,20.03,58.44,-5.210000000000001,0,
2020-11-16,5.38,3.05,13.51,56.81,3.23,13.37,57.12,-0.3099999999999951,0,
2020-11-17,15.0,11.47,20.17,53.55,10.34,19.57,59.12,-5.57,0,
2020-11-18,5.44,2.05,12.0,57.93,3.63,11.46,55.11,2.8200000000000003,0,
2020-11-19,12.79,6.43,19.02,60.9,5.61,21.04,60.59,0.3099999999999951,0,
2020-11-20,7.83,4.44,10.51,48.96,5.55,9.17,54.36,-5.399999999999999,0,
2020-11-21,18.21,12.28,23.23,55.2,12.03,23.06,56.35,-1.1499999999999986,0,
2020-11-22,15.53,11.9,21.24,56.77,12.34,21.39,59.55,-2.779999999999994,0,
2020-11-23,12.58,8.99,15.87,58.98,9.15,15.14,57.8,1.1799999999999995,0,
2020-11-24,5.44,3.08,8.78,60.99,3.53,8.64,56.03,4.960000000000001,0,
2020-11-25,0.29,-2.89,3.42,47.77,-1.71,1.62,54.71,-6.939999999999998,0,
2020-11-26,9.8,7.29,13.59,56.26,5.82,11.77,55.84,0.4199999999999946,0,
2020-11-27,5.7,0.75,13.43,53.46,1.23,13.53,54.05,-0.5899999999999963,0,
2020-11-28,15.43,12.51,20.11,59.55,12.84,18.7,57.07,2.479999999999997,0,
2020-11-29,6.11,2.21,11.72,54.72,3.05,13.15,53.93,0.7899999999999991,0,
2020-11-30,14.15,10.93,16.95,54.76,11.32,16.5,57.54,-2.780000000000001,0,
2020-12-01,0.89,-1.65,4.94,52.04,-2.07,6.27,53.22,-1.1799999999999995,0,
2020-12-02,-0.59,-3.39,2.41,48.61,-3.21,2.53,51.56,-2.950000000000003,0,
2020-12-03,0.69,-2.81,6.11,56.86,-2.74,4.69,52.88,3.979999999999997,0,
2020-12-04,2.82,0.37,7.31,54.32,0.07,7.17,54.24,0.0799999999999983,0,
2020-12-05,0.82,-2.85,4.94,59.1,-4.04,5.28,52.07,7.030000000000001,0,
2020-12-06,-0.4,-3.38,3.53,51.12,-4.23,3.15,51.35,-0.2300000000000039,0,
2020-12-07,-3.06,-5.9,1.41,49.77,-6.47,1.72,52.39,-2.619999999999997,0,
2020-12-08,2.91,-2.2,7.15,47.72,-3.24,6.8,53.32,-5.600000000000001,0,
2020-12-09,0.11,-5.32,4.79,44.88,-4.49,4.07,51.55,-6.669999999999995,0,
2020-12-10,-0.9,-4.55,3.44,45.53,-4.4,3.36,51.39,-5.859999999999999,0,
2020-12-11,-1.53,-7.19,2.04,52.88,-5.34,2.83,51.89,0.990000000000002,0,
2020-12-12,1.41,-4.11,4.42,51.69,-3.09,4.54,49.81,1.8799999999999957,0,
2020-12-13,0.32,-2.58,4.7,44.19,-1.83,5.06,50.04,-5.850000000000001,0,
2020-12-14,-1.18,-4.81,5.3,54.31,-3.73,4.77,51.0,3.3100000000000023,0,
2020-12-15,3.15,-0.12,7.29,50.39,-0.68,5.92,52.18,-1.7899999999999991,0,
2020-12-16,1.31,-1.13,3.69,52.77,-2.6,1.8,52.23,0.5400000000000063,0,
2020-12-17,-1.06,-3.75,2.91,59.63,-3.46,2.64,53.67,5.960000000000001,0,
2020-12-18,3.93,-1.5,8.75,56.96,-1.39,9.42,53.64,3.3200000000000003,0,
2020-12-19,0.44,-3.54,4.84,50.35,-3.01,4.73,51.34,-0.990000000000002,0,
2020-12-20,1.9,-1.57,5.46,48.37,-1.1,5.69,51.67,-3.3000000000000043,0,
2020-12-21,-0.79,-3.45,2.93,41.69,-2.92,2.83,49.65,-7.960000000000001,0,
2020-12-22,0.63,-2.82,4.6,48.67,-2.74,5.57,51.33,-2.6599999999999966,0,
2020-12-23,2.09,-3.49,5.33,50.05,-4.15,5.79,50.83,-0.7800000000000011,0,
2020-12-24,2.28,-1.37,8.54,48.81,-1.76,9.05,52.47,-3.6599999999999966,0,
2020-12-25,3.62,0.3,8.68,50.28,0.45,9.06,50.76,-0.4799999999999969,0,
2020-12-26,0.65,-4.45,5.11,52.1,-4.78,4.53,51.81,0.2899999999999991,0,
2020-12-27,0.21,-3.28,4.54,52.46,-2.56,4.87,53.29,-0.8299999999999983,0,
2020-12-28,4.67,1.12,9.61,49.42,0.05,8.0,51.83,-2.4099999999999966,0,
2020-12-29,4.4,-0.97,8.31,52.74,-0.4,8.75,52.12,0.6200000000000045,0,
2020-12-30,2.94,-2.43,8.43,54.12,-3.47,7.99,52.48,1.6400000000000006,0,
2020-12-31,3.4,-1.78,10.09,47.1,-1.44,10.32,51.13,-4.030000000000001,0,
2021-01-01,-4.7,-8.77,-2.12,54.87,-7.96,-0.08,49.65,5.219999999999999,0,
2021-01-02,-5.02,-8.78,1.23,49.58,-9.51,0.71,49.94,-0.3599999999999994,0,
2021-01-03,1.58,0.44,3.03,50.81,0.87,3.87,50.74,0.0700000000000002,0,
2021-01-04,-1.54,-6.07,-0.96,50.88,-5.13,-1.41,48.26,2.6200000000000045,0,
2021-01-05,-0.99,-2.34,2.22,51.17,-1.37,2.41,50.31,0.8599999999999994,0,
2021-01-06,0.83,-3.1,5.06,54.85,-3.35,5.65,51.33,3.520000000000003,0,
2021-01-07,-4.8,-8.27,1.81,53.07,-9.41,1.6,52.01,1.0600000000000025,0,
2021-01-08,-0.01,-3.87,3.5,49.36,-4.39,3.33,51.63,-2.270000000000003,0,
2021-01-09,1.7,-1.99,6.96,55.43,-1.34,6.58,54.09,1.3399999999999963,0,
2021-01-10,-2.11,-5.08,3.02,44.68,-4.22,3.53,48.91,-4.229999999999997,0,
2021-01-11,-1.06,-3.79,0.36,51.28,-3.56,0.92,50.87,0.4100000000000037,0,
2021-01-12,0.26,-2.43,1.93,50.02,-2.69,0.68,50.14,-0.1199999999999974,0,
2021-01-13,-2.03,-2.25,0.79,52.31,-2.73,0.27,53.08,-0.769999999999996,0,
2021-01-14,-0.93,-4.6,2.08,48.04,-4.06,2.75,48.52,-0.480000000000004,0,
2021-01-15,4.17,0.53,8.02,42.73,1.78,7.15,49.69,-6.960000000000001,0,
2021-01-16,1.22,-3.29,5.59,47.4,-3.03,5.17,49.43,-2.030000000000001,0,
2021-01-17,-3.34,-6.86,0.43,46.47,-6.67,-2.07,46.13,0.3399999999999963,0,
2021-01-18,-7.05,-11.52,-1.35,48.59,-11.28,-0.61,48.0,0.5900000000000034,0,
2021-01-19,4.48,3.9,8.94,46.4,2.72,8.45,50.2,-3.800000000000004,0,
2021-01-20,5.27,0.6,11.56,56.39,1.21,13.24,51.7,4.689999999999998,0,
2021-01-21,1.39,-2.82,5.96,47.67,-3.02,5.64,50.87,-3.199999999999996,0,
2021-01-22,-0.45,-2.55,5.97,56.9,-1.82,6.7,53.31,3.5899999999999963,0,
2021-01-23,4.37,0.9,9.61,54.18,1.82,10.83,52.6,1.5799999999999983,0,
2021-01-24,1.98,-1.7,6.53,47.26,-1.42,8.11,49.65,-2.390000000000001,0,
2021-01-25,-0.02,-3.0,4.25,55.32,-2.35,4.02,48.75,6.57,0,
2021-01-26,7.27,3.35,11.95,47.97,2.82,11.89,52.38,-4.410000000000004,0,
2021-01-27,0.11,-5.12,4.64,51.4,-4.55,4.12,48.0,3.3999999999999986,0,
2021-01-28,-1.76,-3.21,3.64,56.54,-1.75,3.67,52.84,3.699999999999996,0,
2021-01-29,0.8,-1.37,4.71,49.59,-1.26,5.56,52.07,-2.479999999999997,0,
2021-01-30,1.59,-3.5,3.24,54.24,-4.64,4.52,49.09,5.149999999999999,0,
2021-01-31,0.72,-2.12,3.83,46.6,-3.98,3.05,47.53,-0.9299999999999996,0,
2021-02-01,7.93,3.69,10.22,54.47,2.13,10.43,53.4,1.0700000000000005,0,
2021-02-02,4.54,1.87,7.88,51.8,0.83,7.35,50.83,0.9699999999999988,0,
2021-02-03,6.03,3.46,11.91,53.2,3.36,10.06,53.69,-0.4899999999999949,0,
2021-02-04,1.92,-0.49,3.82,50.85,-0.02,5.67,47.85,3.0,0,
2021-02-05,3.21,0.24,10.03,53.47,1.71,9.69,50.53,2.9399999999999977,0,
2021-02-06,2.45,-1.95,7.31,44.33,-2.25,7.26,50.8,-6.469999999999999,0,
2021-02-07,2.36,0.23,8.17,56.09,-0.15,7.05,51.26,4.830000000000005,0,
2021-02-08,1.6,-3.31,3.66,43.28,-1.52,5.0,49.43,-6.149999999999999,0,
2021-02-09,-0.97,-5.75,1.86,54.5,-6.25,1.34,50.68,3.82,0,
2021-02-10,2.14,-2.91,4.94,52.99,-2.18,5.11,48.82,4.170000000000002,0,
2021-02-11,0.58,-2.75,2.79,45.92,-2.29,2.62,49.95,-4.030000000000001,0,
2021-02-12,1.58,-3.3,5.08,49.19,-4.28,4.46,50.71,-1.5200000000000031,0,
2021-02-13,0.43,-4.84,3.79,46.95,-3.58,3.49,51.04,-4.089999999999996,0,
2021-02-14,3.97,2.68,7.33,51.69,2.56,6.37,52.49,-0.8000000000000043,0,
2021-02-15,0.29,-1.5,7.01,48.45,-1.1,7.28,49.59,-1.1400000000000006,0,
2021-02-16,4.73,-1.62,7.68,51.74,-1.06,6.92,48.85,2.890000000000001,0,
2021-02-17,4.39,1.36,9.08,58.53,1.97,9.45,53.68,4.850000000000001,0,
2021-02-18,1.43,-2.58,5.34,56.61,-1.74,2.87,51.45,5.159999999999997,0,
2021-02-19,2.87,-3.16,8.28,48.22,-2.79,7.84,50.3,-2.0799999999999983,0,
2021-02-20,8.62,4.72,14.41,54.52,5.23,15.04,55.29,-0.769999999999996,0,
2021-02-21,1.91,-0.23,8.12,45.78,-1.12,8.21,52.01,-6.229999999999997,0,
2021-02-22,2.07,-0.88,6.14,50.24,-1.07,5.43,53.22,-2.979999999999997,0,
2021-02-23,2.3,0.54,5.3,55.14,1.34,5.24,51.57,3.5700000000000003,0,
2021-02-24,0.39,-1.49,4.53,60.41,-0.98,4.6,54.43,5.979999999999997,0,
2021-02-25,7.91,2.83,12.97,50.97,1.84,12.84,55.53,-4.560000000000002,0,
2021-02-26,0.83,-3.41,5.24,48.85,-3.03,4.24,51.04,-2.1899999999999977,0,
2021-02-27,5.3,1.08,11.51,54.15,0.83,12.24,54.24,-0.0900000000000034,0,
2021-02-28,0.11,-3.64,4.48,53.46,-3.58,4.12,52.42,1.0399999999999991,0,
2021-03-01,10.8,5.49,16.67,53.01,5.55,17.15,56.0,-2.990000000000002,0,
2021-03-02,5.17,-3.31,10.56,52.58,-4.95,10.83,51.01,1.5700000000000005,0,
2021-03-03,0.38,-3.17,7.53,51.57,-2.8,6.96,53.32,-1.75,0,
2021-03-04,3.46,-2.57,11.07,54.43,-0.77,11.95,54.49,-0.0600000000000022,0,
2021-03-05,5.6,-1.07,12.47,52.62,-1.71,12.29,50.6,2.019999999999996,0,
2021-03-06,8.76,2.68,12.59,51.73,2.56,13.35,51.7,0.029999999999994,0,
2021-03-07,7.02,3.52,10.83,48.75,3.19,10.52,50.36,-1.6099999999999994,0,
2021-03-08,9.49,5.84,16.63,53.85,5.82,15.81,54.25,-0.3999999999999986,0,
2021-03-09,6.37,4.65,8.41,54.04,5.4,8.4,54.37,-0.3299999999999983,0,
2021-03-10,10.03,6.92,11.51,54.82,10.11,13.11,56.19,-1.3699999999999974,0,
2021-03-11,13.25,10.06,20.23,54.9,9.57,22.48,55.86,-0.9600000000000009,0,
2021-03-12,3.13,-2.79,7.62,61.34,-1.55,8.12,55.42,5.920000000000002,0,
2021-03-13,2.67,-4.87,7.1,52.83,-6.11,5.67,50.76,2.0700000000000003,0,
2021-03-14,6.68,0.39,11.54,50.32,-2.26,11.43,51.42,-1.1000000000000014,0,
2021-03-15,10.53,5.28,13.78,57.18,6.65,13.71,54.6,2.5799999999999983,0,
2021-03-16,4.84,2.5,7.11,52.99,2.29,9.17,54.22,-1.2299999999999969,0,
2021-03-17,6.59,3.63,12.98,59.14,3.03,12.14,54.8,4.340000000000003,0,
2021-03-18,1.35,-0.88,5.33,51.72,-2.09,5.2,50.35,1.3699999999999974,0,
2021-03-19,5.89,0.12,10.57,53.81,0.55,11.44,54.21,-0.3999999999999986,0,
2021-03-20,9.91,8.01,15.54,55.54,8.41,14.92,53.88,1.6599999999999966,0,
2021-03-21,5.32,1.66,9.94,49.81,1.85,10.96,55.63,-5.82,0,
2021-03-22,10.79,4.83,15.49,52.09,4.72,14.26,56.26,-4.169999999999995,0,
2021-03-23,11.21,4.88,16.1,49.33,5.36,15.59,54.51,-5.18,0,
2021-03-24,4.37,-1.46,6.11,52.34,-2.07,3.97,53.25,-0.9099999999999966,0,
2021-03-25,7.07,0.88,11.43,59.84,0.75,13.32,53.59,6.25,0,
2021-03-26,6.68,1.12,12.36,63.88,0.91,12.63,55.43,8.450000000000003,0,
2021-03-27,6.43,1.23,9.59,59.83,0.77,10.33,56.57,3.259999999999998,0,
2021-03-28,0.18,-3.09,7.5,55.24,-2.89,5.78,53.41,1.8300000000000052,0,
2021-03-29,9.4,5.71,13.27,50.42,4.08,13.23,57.04,-6.619999999999997,0,
2021-03-30,4.58,-2.36,9.64,53.64,-2.77,10.5,54.52,-0.8800000000000026,0,
2021-03-31,2.45,-2.89,6.34,49.97,-2.38,6.35,53.72,-3.75,0,
2021-04-01,15.84,12.36,20.98,56.07,12.55,21.81,58.12,-2.049999999999997,0,
2021-04-02,15.12,9.74,24.15,57.36,10.42,23.4,57.27,0.0899999999999963,0,
2021-04-03,15.37,10.93,19.86,56.63,11.6,19.25,57.4,-0.769999999999996,0,
2021-04-04,17.0,14.26,20.69,49.91,14.2,21.92,56.9,-6.990000000000002,0,
2021-04-05,15.96,12.5,23.2,65.75,14.41,22.98,62.16,3.5900000000000034,0,
2021-04-06,16.04,11.99,19.12,53.44,12.01,19.96,58.57,-5.130000000000003,0,
2021-04-07,17.64,13.41,20.83,59.22,12.44,20.03,57.95,1.269999999999996,0,
2021-04-08,18.72,12.64,23.21,68.83,12.47,23.23,59.76,9.07,0,
2021-04-09,17.2,9.12,25.69,56.49,11.33,24.96,59.66,-3.1699999999999946,0,
2021-04-10,18.78,14.59,26.3,53.34,15.83,26.37,60.12,-6.779999999999994,0,
2021-04-11,12.1,10.24,19.55,60.89,9.98,19.36,60.28,0.6099999999999994,0,
2021-04-12,13.92,9.81,18.43,65.33,9.64,18.35,60.26,5.07,0,
2021-04-13,20.42,12.23,26.43,68.58,11.75,25.43,59.77,8.809999999999995,0,
2021-04-14,14.6,11.47,21.56,55.21,10.22,20.83,59.23,-4.019999999999996,0,
2021-04-15,19.0,16.23,25.94,63.97,16.54,25.36,60.78,3.1899999999999977,0,
2021-04-16,16.84,10.23,25.09,57.87,9.14,25.19,57.32,0.5499999999999972,0,
2021-04-17,14.26,9.99,20.89,59.48,10.11,21.6,57.98,1.5,0,
2021-04-18,15.15,8.76,18.22,70.95,8.42,17.64,61.77,9.18,0,
2021-04-19,15.14,11.34,23.44,60.12,12.49,22.32,63.54,-3.4200000000000017,0,
2021-04-20,20.89,16.27,29.46,65.76,16.54,31.49,62.04,3.720000000000006,0,
2021-04-21,14.27,9.44,21.57,63.2,10.34,22.65,61.75,1.4500000000000028,0,
2021-04-22,17.11,13.73,23.67,69.6,14.26,24.57,62.08,7.519999999999996,0,
2021-04-23,13.5,6.55,17.39,66.98,6.24,17.91,64.77,2.210000000000008,0,
2021-04-24,13.78,7.1,21.78,66.82,7.55,21.68,62.84,3.9799999999999898,0,
2021-04-25,13.6,9.8,19.83,63.42,10.84,20.71,60.98,2.440000000000005,0,
2021-04-26,15.87,7.05,24.31,62.11,8.04,23.74,60.33,1.7800000000000011,0,
2021-04-27,20.92,15.93,25.38,60.57,14.04,25.08,60.16,0.4100000000000037,0,
2021-04-28,12.54,5.9,17.13,65.7,5.56,15.53,61.1,4.600000000000001,0,
2021-04-29,15.84,14.33,20.6,61.35,13.49,20.97,60.99,0.3599999999999994,0,
2021-04-30,15.51,12.13,20.2,79.85260482788085,13.18,20.43,59.88,18.47260482788085,0,
2021-05-01,18.24,11.79,24.73,65.6,11.58,25.85,61.83,1.6700000000000017,0,
2021-05-02,17.78,12.52,20.49,69.74000000000001,12.97,20.19,60.6,6.440000000000005,0,
2021-05-03,20.56,14.67,26.51,72.57,14.54,27.88,66.04,3.2299999999999898,0,
2021-05-04,15.99,10.12,20.45,62.559999999999995,11.87,20.17,63.72,-5.060000000000002,0,
2021-05-05,17.88,17.04,23.63,75.52,17.14,23.23,63.61,7.409999999999997,0,
2021-05-06,20.17,15.88,25.19,71.64999999999999,15.31,25.54,66.02,0.5300000000000011,0,
2021-05-07,21.07,13.69,26.96,74.3,13.56,26.93,64.13,10.170000000000002,1,residual_spike_with_precursor
2021-05-08,18.28,12.48,25.14,60.39,13.09,26.56,62.59,-2.200000000000003,0,
2021-05-09,18.83,11.25,27.15,71.62,10.63,25.59,66.54,5.079999999999998,0,
2021-05-10,21.56,16.18,25.07,57.16,15.97,25.37,65.06,-7.900000000000006,0,
2021-05-11,21.13,18.1,28.27,71.63,18.9,28.46,63.63,7.999999999999993,0,
2021-05-12,15.23,7.28,18.1,66.44,6.56,18.18,62.53,3.9099999999999966,0,
2021-05-13,14.2,10.42,20.96,63.35,9.64,21.44,62.53,0.8200000000000003,0,
2021-05-14,15.68,13.98,19.74,61.68,13.83,18.48,61.88,-0.2000000000000028,0,
2021-05-15,17.7,14.78,23.12,67.11,15.26,22.23,66.06,1.0499999999999972,0,
2021-05-16,20.74,15.76,28.15,70.43,15.37,29.74,68.5,1.9300000000000068,0,
2021-05-17,20.85,20.41,22.23,65.34,20.29,23.29,62.95,2.390000000000001,0,
2021-05-18,19.89,14.45,26.02,68.33,13.64,28.71,66.27,2.0600000000000023,0,
2021-05-19,21.27,15.21,27.46,65.16,16.36,28.2,64.83,0.3299999999999983,0,
2021-05-20,17.52,12.01,23.51,63.68,12.04,23.81,64.41,-0.7299999999999969,0,
2021-05-21,17.94,16.57,19.81,63.5,17.55,20.55,64.06,-0.5600000000000023,0,
2021-05-22,19.51,11.8,25.38,63.58,11.01,25.09,64.3,-0.7199999999999989,0,
2021-05-23,15.77,9.14,20.52,69.08,8.52,19.28,64.88,4.200000000000003,0,
2021-05-24,13.2,5.7,17.79,65.22,5.1,17.29,63.03,2.1899999999999977,0,
2021-05-25,18.38,15.52,23.92,58.5,15.6,22.83,66.5,-8.0,0,
2021-05-26,20.76,17.0,27.13,69.15,16.77,26.04,66.72,2.430000000000007,0,
2021-05-27,18.51,11.81,24.85,66.53,12.2,24.51,65.81,0.7199999999999989,0,
2021-05-28,21.31,15.11,27.09,65.39,15.66,26.14,65.46,-0.0699999999999931,0,
2021-05-29,20.88,15.86,27.32,64.77,15.96,27.63,66.21,-1.4399999999999975,0,
2021-05-30,18.61,12.92,23.14,71.57,12.64,21.73,67.41,4.159999999999997,0,
2021-05-31,12.86,8.35,15.12,69.1,7.8,16.25,65.6,3.5,0,
2021-06-01,22.56,16.94,24.23,62.48,17.14,24.86,65.34,-2.8600000000000065,0,
2021-06-02,26.22,18.85,32.99,70.17,17.47,34.71,68.66,1.5100000000000051,0,
2021-06-03,26.33,20.8,32.5,66.23,20.24,32.35,69.82,-3.589999999999989,0,
2021-06-04,24.03,18.61,29.46,60.57,17.82,29.5,65.68,-5.110000000000007,0,
2021-06-05,24.43,20.21,29.2,66.85,18.51,30.1,69.17,-2.3200000000000074,0,
2021-06-06,23.97,22.43,30.22,71.08,22.03,29.16,67.89,3.1899999999999977,0,
2021-06-07,28.08,20.74,34.68,73.79,20.18,34.89,70.26,3.530000000000001,0,
2021-06-08,26.38,21.56,31.76,69.89,21.59,32.55,68.0,1.8900000000000008,0,
2021-06-09,27.32,21.98,31.39,69.12,22.01,31.58,66.44,2.680000000000007,0,
2021-06-10,22.13,18.21,27.38,67.96,18.07,28.72,66.05,1.9099999999999968,0,
2021-06-11,26.61,20.52,32.05,67.08,20.26,32.86,69.45,-2.3700000000000045,0,
2021-06-12,23.75,18.7,29.52,71.01,18.12,29.8,69.41,1.6000000000000083,0,
2021-06-13,23.0,17.4,29.53,70.66,17.83,28.31,67.7,2.9599999999999937,0,
2021-06-14,24.85,19.58,26.1,72.31,19.21,27.12,69.52,2.7900000000000063,0,
2021-06-15,23.82,21.41,29.38,71.42,20.99,28.19,67.02,4.400000000000006,0,
2021-06-16,28.64,27.04,36.04,73.57,27.84,37.87,70.95,2.6199999999999903,0,
2021-06-17,29.2,24.72,34.86,70.15,24.9,35.38,68.85,1.3000000000000114,0,
2021-06-18,25.73,20.43,31.89,73.01,21.03,31.36,69.05,3.960000000000008,0,
2021-06-19,22.72,18.12,26.51,69.06,18.3,26.85,69.16,-0.0999999999999943,0,
2021-06-20,25.27,19.0,28.77,64.95,19.11,28.56,68.21,-3.259999999999991,0,
2021-06-21,19.82,13.31,27.08,67.94,12.24,26.98,68.54,-0.6000000000000085,0,
2021-06-22,19.94,14.37,26.76,67.97,13.68,25.71,70.73,-2.760000000000005,0,
2021-06-23,28.32,25.69,34.74,67.9,23.66,36.42,70.4,-2.5,0,
2021-06-24,25.25,22.68,31.7,71.41,22.93,31.11,71.95,-0.5400000000000063,0,
2021-06-25,22.73,16.64,29.53,65.35,15.65,30.32,68.29,-2.940000000000012,0,
2021-06-26,25.13,20.54,27.02,69.42,21.13,26.85,70.56,-1.1400000000000006,0,
2021-06-27,28.48,22.96,35.51,66.59,21.56,36.78,73.59,-7.0,0,
2021-06-28,23.9,21.54,30.13,67.73,22.83,28.64,66.95,0.7800000000000011,0,
2021-06-29,29.06,26.72,35.63,70.69,28.35,34.29,70.68,0.0099999999999909,0,
2021-06-30,25.24,22.77,32.0,68.99,21.78,31.66,72.02,-3.030000000000001,0,
2021-07-01,24.33,22.25,25.64,72.15,21.59,25.55,69.71,2.440000000000012,0,
2021-07-02,26.66,21.53,27.78,74.29,22.03,29.02,70.82,3.470000000000013,0,
2021-07-03,28.35,27.4,29.18,64.14,27.21,30.21,70.08,-5.939999999999998,0,
2021-07-04,26.38,23.65,27.69,67.86,24.28,28.86,70.69,-2.8299999999999983,0,
2021-07-05,23.95,20.22,26.6,67.17,19.3,26.09,70.02,-2.8499999999999943,0,
2021-07-06,27.94,27.11,33.52,70.24,26.34,34.56,73.72,-3.480000000000004,0,
2021-07-07,28.02,24.12,33.41,75.17,22.98,32.93,72.1,3.0700000000000074,0,
2021-07-08,23.0,20.72,24.68,69.92,22.51,25.81,70.64,-0.7199999999999989,0,
2021-07-09,26.59,22.26,29.87,69.46,22.04,28.54,70.44,-0.980000000000004,0,
2021-07-10,27.16,23.18,29.73,62.97,22.5,30.48,70.38,-7.409999999999997,0,
2021-07-11,22.96,18.84,28.09,72.43,17.61,28.77,70.08,2.3500000000000085,0,
2021-07-12,22.56,19.77,23.15,65.94,19.62,23.22,70.53,-4.590000000000003,0,
2021-07-13,26.34,25.79,29.26,71.0,26.38,31.65,70.78,0.2199999999999988,0,
2021-07-14,27.59,25.45,28.79,72.7,25.62,28.62,71.67,1.0300000000000011,0,
2021-07-15,28.66,24.95,32.18,79.94,25.09,32.53,74.91,5.030000000000001,0,
2021-07-16,23.18,22.29,27.68,67.55,23.44,26.44,72.4,-4.8500000000000085,0,
2021-07-17,24.34,20.95,27.86,62.46,21.74,28.3,70.46,-7.999999999999993,0,
2021-07-18,28.43,26.96,31.6,74.43,26.92,31.31,73.75,0.6800000000000068,0,
2021-07-19,29.3,28.35,33.34,78.41,27.93,33.07,71.75,6.659999999999997,0,
2021-07-20,24.69,23.28,28.51,72.84,24.16,29.19,68.25,4.590000000000003,0,
2021-07-21,25.83,23.25,28.1,70.43,22.15,27.49,69.66,0.7700000000000102,0,
2021-07-22,23.17,20.74,26.97,66.29,21.66,27.38,68.11,-1.8199999999999927,0,
2021-07-23,27.14,24.66,28.11,73.69,25.6,28.6,70.7,2.989999999999995,0,
2021-07-24,26.24,23.53,30.03,67.98,23.85,30.84,71.58,-3.5999999999999943,0,
2021-07-25,26.55,25.29,27.89,75.57,24.43,27.43,73.81,1.759999999999991,0,
2021-07-26,26.04,25.35,28.57,73.82,24.39,28.35,71.95,1.8699999999999903,0,
2021-07-27,26.87,24.23,31.0,75.36,25.25,31.58,71.44,3.9200000000000017,0,
2021-07-28,29.66,26.31,32.26,81.24,26.57,31.34,73.24,8.0,0,
2021-07-29,27.89,26.71,31.31,70.1,27.13,30.8,68.65,1.4499999999999886,0,
2021-07-30,24.29,21.92,27.69,69.55,23.11,27.35,71.44,-1.8900000000000008,0,
2021-07-31,25.98,22.37,29.61,72.43,22.16,29.68,72.52,-0.0899999999999892,0,
2021-08-01,29.49,25.48,32.71,63.22,24.5,31.93,69.77,-6.549999999999997,0,
2021-08-02,29.08,24.91,33.31,71.21,24.25,32.74,73.78,-2.5700000000000074,0,
2021-08-03,28.07,25.37,33.81,71.24,25.27,34.5,72.75,-1.5100000000000051,0,
2021-08-04,28.11,24.79,32.48,69.36,24.55,32.01,71.3,-1.9399999999999975,0,
2021-08-05,29.72,25.11,33.27,73.48,23.45,32.56,72.92,0.5600000000000023,0,
2021-08-06,29.12,26.79,34.26,72.68,26.71,33.87,75.73,-3.049999999999997,0,
2021-08-07,26.96,24.48,31.62,76.15,23.95,31.55,72.0,4.150000000000006,0,
2021-08-08,27.95,25.57,29.87,71.77,25.35,31.13,71.77,0.0,0,
2021-08-09,29.81,26.87,35.27,71.66,27.29,35.39,71.7,-0.0400000000000062,0,
2021-08-10,29.16,26.68,33.29,69.51,26.79,33.03,70.73,-1.2199999999999989,0,
2021-08-11,29.82,27.38,33.63,73.87,28.29,33.13,73.29,0.5799999999999983,0,
2021-08-12,29.55,26.99,32.51,73.55,26.63,30.58,70.5,3.049999999999997,0,
2021-08-13,29.47,25.19,33.03,68.58,23.93,33.51,71.79,-3.210000000000008,0,
2021-08-14,26.89,24.19,29.99,67.99,23.71,29.35,70.43,-2.440000000000012,0,
2021-08-15,28.34,23.82,33.4,71.21,23.72,33.28,72.34,-1.1300000000000097,0,
2021-08-16,29.98,25.42,34.02,67.24,24.92,35.55,72.22,-4.980000000000004,0,
2021-08-17,27.99,26.76,31.83,70.03,26.93,32.14,73.07,-3.039999999999992,0,
2021-08-18,26.19,23.5,29.92,68.4,24.0,29.12,70.16,-1.759999999999991,0,
2021-08-19,30.31,28.88,33.93,74.67,27.91,34.58,71.43,3.239999999999995,0,
2021-08-20,29.58,25.78,33.26,70.93,26.1,34.32,69.96,0.9700000000000132,0,
2021-08-21,28.22,25.39,31.86,71.21,25.51,33.3,70.49,0.7199999999999989,0,
2021-08-22,29.31,26.93,33.88,75.26,26.38,33.09,72.11,3.1500000000000057,0,
2021-08-23,29.6,26.35,33.9,72.04,27.39,34.72,72.55,-0.5099999999999909,0,
2021-08-24,28.12,24.69,33.92,71.37,24.08,34.51,69.92,1.4500000000000028,0,
2021-08-25,29.35,27.79,32.45,72.08,28.82,32.0,72.46,-0.3799999999999954,0,
2021-08-26,29.85,27.27,33.77,74.27,26.54,33.81,73.29,0.9799999999999898,0,
2021-08-27,28.61,23.42,32.08,69.07,21.65,32.61,71.22,-2.1500000000000057,0,
2021-08-28,29.12,26.72,32.84,65.75,25.59,32.05,73.75,-8.0,0,
2021-08-29,29.46,26.73,34.72,69.54,26.8,34.0,70.04,-0.5,0,
2021-08-30,28.13,26.08,32.94,74.21,25.55,32.89,68.94,5.269999999999996,0,
2021-08-31,29.09,27.41,34.1,71.77,26.18,34.33,68.34,3.4299999999999926,0,
2021-09-01,26.11,24.41,31.51,76.18,26.12,31.09,72.61,3.5700000000000074,0,
2021-09-02,20.73,13.72,25.46,74.09,14.08,25.21,69.52,4.570000000000007,0,
2021-09-03,23.27,20.74,29.6,69.94,22.31,31.06,69.61,0.3299999999999983,0,
2021-09-04,27.07,23.39,32.81,71.35,21.99,32.9,70.62,0.7299999999999898,0,
2021-09-05,26.04,23.59,30.53,65.8,22.05,28.55,68.08,-2.280000000000001,0,
2021-09-06,22.54,18.0,28.09,71.45,17.29,27.43,72.62,-1.1700000000000017,0,
2021-09-07,27.81,24.28,33.53,72.57,22.29,34.88,70.3,2.269999999999996,0,
2021-09-08,27.44,23.75,29.97,73.93,23.68,30.12,69.47,4.460000000000008,0,
2021-09-09,19.65,14.96,24.1,68.41,13.99,23.54,68.92,-0.5100000000000051,0,
2021-09-10,24.15,18.83,28.73,67.72,20.22,27.48,69.38,-1.6599999999999966,0,
2021-09-11,26.42,22.69,30.91,69.51,22.15,31.35,69.51,0.0,0,
2021-09-12,26.41,23.22,32.1,70.38,22.16,32.02,68.16,2.219999999999999,0,
2021-09-13,23.03,20.0,25.07,63.21,20.21,24.05,68.55,-5.339999999999996,0,
2021-09-14,25.83,21.59,31.7,63.78,21.37,32.61,71.78,-8.0,0,
2021-09-15,26.99,23.69,29.71,68.57,22.47,29.06,70.6,-2.030000000000001,0,
2021-09-16,22.04,19.5,25.96,65.59,20.21,25.38,70.11,-4.519999999999996,0,
2021-09-17,23.07,21.33,27.78,65.41,21.78,26.49,67.29,-1.8800000000000097,0,
2021-09-18,29.41,22.6,34.81,66.94,20.97,35.76,67.49,-0.5499999999999972,0,
2021-09-19,27.5,21.77,32.59,66.63,21.71,31.93,68.3,-1.6700000000000017,0,
2021-09-20,27.76,24.14,31.99,73.92,24.13,31.1,68.55,5.3700000000000045,0,
2021-09-21,23.54,19.45,28.85,70.46,20.09,28.86,69.25,1.2099999999999935,0,
2021-09-22,23.33,21.73,25.28,65.01,22.88,26.41,64.5,0.5100000000000051,0,
2021-09-23,23.28,20.57,28.68,71.94,21.27,28.62,69.76,2.1799999999999926,0,
2021-09-24,28.32,24.55,33.06,63.92,24.04,32.8,67.97,-4.049999999999997,0,
2021-09-25,29.16,26.75,33.6,72.24,27.2,33.52,67.69,4.549999999999997,0,
2021-09-26,23.48,19.34,27.92,65.25,19.64,29.18,65.33,-0.0799999999999983,0,
2021-09-27,23.13,18.56,28.39,66.06,17.98,29.56,64.29,1.769999999999996,0,
2021-09-28,26.37,22.54,29.74,64.85,23.4,28.68,68.28,-3.430000000000007,0,
2021-09-29,27.06,23.0,31.34,61.79,23.4,31.69,67.33,-5.539999999999999,0,
2021-09-30,26.25,22.52,30.81,69.47,21.67,31.18,65.07,4.400000000000006,0,
2021-10-01,18.59,12.71,25.93,66.55,11.97,26.02,63.64,2.9099999999999966,0,
2021-10-02,14.83,9.5,19.54,62.0,8.51,21.81,63.71,-1.7100000000000009,0,
2021-10-03,12.46,6.82,18.61,63.34,7.58,17.69,66.33,-2.989999999999995,0,
2021-10-04,14.79,10.54,20.76,70.3,10.06,20.61,63.89,6.409999999999997,0,
2021-10-05,14.48,13.9,20.09,58.76,13.22,21.9,62.09,-3.3300000000000054,0,
2021-10-06,19.02,14.81,24.9,72.8,14.8,24.9,64.54,8.259999999999991,0,
2021-10-07,17.55,12.34,23.31,61.14,12.6,24.9,63.95,-2.8100000000000023,0,
2021-10-08,17.6,16.88,19.94,63.07,18.18,21.18,59.94,3.1300000000000026,0,
2021-10-09,18.37,15.33,20.63,63.83,14.06,20.4,63.72,0.1099999999999994,0,
2021-10-10,14.75,11.44,22.2,67.04,11.71,22.45,63.51,3.530000000000008,0,
2021-10-11,14.81,9.65,18.71,64.33,10.3,18.41,63.94,0.3900000000000005,0,
2021-10-12,16.45,13.63,21.09,66.73,11.24,19.61,66.24,0.4900000000000091,0,
2021-10-13,18.19,16.45,22.76,68.15,16.95,23.16,65.47,2.680000000000007,0,
2021-10-14,19.14,13.91,25.0,61.88,13.94,26.43,63.38,-1.5,0,
2021-10-15,16.88,13.36,22.95,65.79,12.06,23.27,61.7,4.090000000000003,0,
2021-10-16,16.73,13.77,22.48,67.46,14.6,22.91,67.04,0.4199999999999875,0,
2021-10-17,15.98,11.3,22.69,63.39,12.32,23.67,63.01,0.3800000000000025,0,
2021-10-18,15.78,11.83,19.06,62.84,12.68,20.16,62.17,0.6700000000000017,0,
2021-10-19,15.28,11.9,21.73,53.5,11.45,22.49,62.53,-9.03,0,
2021-10-20,14.53,12.38,21.24,64.76,13.83,21.87,62.72,2.0400000000000063,0,
2021-10-21,16.65,11.7,22.5,70.16,10.64,21.91,62.11,8.049999999999997,0,
2021-10-22,14.59,9.18,19.99,65.56,9.31,19.55,60.76,4.800000000000004,0,
2021-10-23,17.8,15.72,18.96,62.91,15.34,19.22,60.84,2.069999999999993,0,
2021-10-24,14.62,10.12,19.68,64.5,10.92,19.67,61.32,3.18,0,
2021-10-25,13.17,12.26,19.48,62.31,12.99,20.6,60.67,1.6400000000000006,0,
2021-10-26,18.45,12.46,20.89,66.38,12.61,19.51,60.21,6.169999999999995,0,
2021-10-27,13.0,9.62,19.54,57.87,9.65,20.49,61.16,-3.289999999999999,0,
2021-10-28,17.07,16.67,20.37,69.55,16.43,21.02,61.0,8.549999999999997,0,
2021-10-29,14.55,11.23,19.58,67.82,11.14,20.55,63.03,4.789999999999992,0,
2021-10-30,14.87,12.97,18.19,63.65,14.31,18.09,56.53,5.619999999999997,0,
2021-10-31,15.36,12.45,21.69,68.80999999999999,12.88,22.81,62.59,4.11999999999999,0,
2021-11-01,5.31,1.19,10.52,67.82000000000001,1.97,10.71,60.23,4.890000000000008,0,
2021-11-02,6.25,-0.01,13.86,66.03,0.1,14.39,55.58,7.149999999999999,0,
2021-11-03,18.87,15.09,23.92,88.49710098266603,17.22,23.81,60.46,24.13710098266602,0,
2021-11-04,17.1,10.86,20.04,64.11,10.46,19.05,59.28,0.3299999999999983,0,
2021-11-05,12.57,8.74,20.25,63.07,8.08,20.36,57.75,0.2199999999999988,0,
2021-11-06,16.61,11.1,20.27,78.53,10.46,20.58,58.5,20.03,1,residual_spike_with_precursor
2021-11-07,13.72,7.84,18.7,63.2,8.71,19.42,57.47,5.730000000000004,0,
2021-11-08,-0.92,-3.47,6.9,54.77,-4.06,5.54,59.36,-4.589999999999996,0,
2021-11-09,14.34,9.53,19.09,55.03,8.22,17.81,60.46,-5.43,0,
2021-11-10,7.19,1.35,15.37,60.48,1.94,14.48,59.87,0.6099999999999994,0,
2021-11-11,18.11,14.6,24.05,61.21,14.07,25.19,61.02,0.1899999999999977,0,
2021-11-12,-0.21,-1.18,7.42,55.4,-0.86,4.59,54.76,0.6400000000000006,0,
2021-11-13,1.39,-4.72,6.55,55.85,-5.46,6.66,54.95,0.8999999999999986,0,
2021-11-14,5.01,-0.35,8.17,55.97,0.01,8.34,56.8,-0.8299999999999983,0,
2021-11-15,13.67,10.08,20.28,62.27,10.1,18.93,56.76,5.510000000000005,0,
2021-11-16,14.87,8.98,22.74,53.9,9.88,22.09,59.82,-5.920000000000002,0,
2021-11-17,5.9,0.88,12.62,53.15,1.62,12.33,56.21,-3.0600000000000023,0,
2021-11-18,4.8,1.24,9.04,54.93,2.26,9.78,55.31,-0.3800000000000025,0,
2021-11-19,17.35,11.27,19.68,52.82,12.31,19.55,58.9,-6.079999999999998,0,
2021-11-20,6.42,2.85,10.33,55.92,1.91,11.24,56.57,-0.6499999999999986,0,
2021-11-21,0.5,-2.92,8.07,60.84,-2.92,9.46,54.69,6.150000000000006,0,
2021-11-22,12.02,8.88,16.18,58.75,6.09,14.96,58.68,0.0700000000000002,0,
2021-11-23,8.46,2.66,17.01,55.89,2.9,17.88,55.03,0.8599999999999994,0,
2021-11-24,14.48,9.69,19.14,53.43,9.81,20.06,58.09,-4.660000000000004,0,
2021-11-25,13.28,10.78,19.49,55.9,10.43,19.69,58.18,-2.280000000000001,0,
2021-11-26,5.15,0.41,8.36,52.82,0.82,7.69,54.21,-1.3900000000000006,0,
2021-11-27,-1.02,-6.46,0.73,52.22,-8.04,-0.03,53.39,-1.1700000000000017,0,
2021-11-28,8.46,3.64,13.28,58.31,5.31,15.92,53.57,4.740000000000002,0,
2021-11-29,14.7,13.33,20.65,60.63,11.86,21.12,58.57,2.0600000000000023,0,
2021-11-30,16.63,11.83,21.44,52.57,9.53,21.06,56.68,-4.109999999999999,0,
2021-12-01,0.82,-2.98,5.64,53.7,-0.29,5.72,52.79,0.9100000000000036,0,
2021-12-02,-3.29,-7.84,1.13,55.86,-7.69,-0.5,54.02,1.8399999999999963,0,
2021-12-03,0.92,-4.14,5.27,56.34,-4.28,4.07,52.12,4.220000000000006,0,
2021-12-04,-0.46,-3.24,5.29,56.98,-4.06,3.97,51.13,5.849999999999994,0,
2021-12-05,0.49,-3.07,5.62,47.06,-4.23,5.39,50.82,-3.759999999999998,0,
2021-12-06,-2.63,-6.53,1.19,50.01,-5.12,2.57,53.01,-3.0,0,
2021-12-07,3.06,-0.33,6.51,46.61,-1.02,4.51,51.27,-4.660000000000004,0,
2021-12-08,1.21,-2.85,5.12,54.49,-3.45,5.87,55.35,-0.8599999999999994,0,
2021-12-09,3.36,-0.73,8.64,51.94,-0.54,9.56,50.21,1.7299999999999969,0,
2021-12-10,1.16,-2.39,5.66,58.87,-1.86,4.68,55.21,3.6599999999999966,0,
2021-12-11,-3.08,-6.65,-0.68,51.31,-7.15,-0.81,51.59,-0.2800000000000011,0,
2021-12-12,3.47,-1.61,6.49,51.23,-0.82,5.4,52.41,-1.1799999999999995,0,
2021-12-13,0.21,-3.2,7.17,52.41,-2.54,6.63,51.85,0.5599999999999952,0,
2021-12-14,3.16,-2.26,6.76,49.89,-1.73,7.23,52.98,-3.0899999999999963,0,
2021-12-15,0.22,-3.2,4.91,59.73,-3.33,5.45,52.0,7.729999999999997,0,
2021-12-16,2.47,0.06,6.51,48.12,1.08,5.48,54.07,-5.950000000000003,0,
2021-12-17,2.24,-1.64,8.72,53.47,-0.39,9.19,52.78,0.6899999999999977,0,
2021-12-18,0.54,-2.38,4.85,59.55,-4.62,5.6,52.06,7.489999999999995,0,
2021-12-19,4.49,1.05,9.08,52.08,1.37,9.5,52.06,0.019999999999996,0,
2021-12-20,1.97,-1.8,6.62,51.18,-2.89,6.93,51.89,-0.7100000000000009,0,
2021-12-21,-0.97,-6.53,4.47,50.4,-6.92,4.67,51.72,-1.3200000000000005,0,
2021-12-22,1.45,-3.44,6.11,48.38,-3.34,7.28,49.04,-0.6599999999999966,0,
2021-12-23,-1.12,-4.89,4.37,54.3,-4.05,5.1,49.22,5.079999999999998,0,
2021-12-24,0.91,-2.65,7.51,44.95,-2.57,7.24,52.95,-8.0,0,
2021-12-25,0.15,-2.89,3.16,56.9,-3.1,1.81,51.22,5.68,0,
2021-12-26,1.9,-1.01,6.38,46.02,-1.76,6.55,51.29,-5.269999999999996,0,
2021-12-27,0.01,-3.73,6.28,50.4,-4.5,6.02,51.39,-0.990000000000002,0,
2021-12-28,-3.54,-6.18,-0.79,48.9,-7.36,0.9,50.49,-1.5900000000000034,0,
2021-12-29,-0.38,-2.63,6.1,52.69,-2.79,4.86,50.52,2.1699999999999946,0,
2021-12-30,3.82,-0.52,10.28,44.89,0.11,8.04,50.8,-5.909999999999997,0,
2021-12-31,1.96,-0.85,4.76,52.96,-0.87,4.74,51.25,1.7100000000000009,0,
2022-01-01,-0.02,-2.78,4.76,56.87,-2.41,5.47,49.38,7.489999999999995,0,
2022-01-02,5.95,4.53,9.1,47.44,4.48,9.14,52.49,-5.050000000000004,0,
2022-01-03,-0.26,-3.43,4.96,48.89,-3.99,4.61,48.19,0.7000000000000028,0,
2022-01-04,5.11,0.34,6.51,50.06,1.5,7.79,52.51,-2.449999999999996,0,
2022-01-05,-1.74,-4.51,-1.23,51.76,-4.08,-1.08,50.18,1.5799999999999983,0,
2022-01-06,-0.12,-3.47,3.54,50.78,-3.7,3.83,50.7,0.0799999999999983,0,
2022-01-07,-2.07,-2.92,-1.0,48.7,-3.82,-0.82,51.07,-2.369999999999997,0,
2022-01-08,3.19,1.06,7.32,55.45,1.59,9.57,53.64,1.8100000000000025,0,
2022-01-09,-2.33,-4.99,2.73,58.26,-6.26,0.92,51.58,6.68,0,
2022-01-10,2.96,0.04,9.33,47.91,0.79,10.47,48.62,-0.7100000000000009,0,
2022-01-11,-4.34,-8.83,-1.06,49.81,-10.41,-1.67,47.15,2.660000000000004,0,
2022-01-12,-11.98,-13.44,-10.79,41.56,-15.17,-12.17,46.35,-4.789999999999999,0,
2022-01-13,1.75,0.45,2.72,46.65,-0.78,2.22,50.19,-3.539999999999999,0,
2022-01-14,2.52,-3.04,8.97,53.47,-4.46,8.09,51.72,1.75,0,
2022-01-15,-0.26,-3.24,5.86,54.9,-2.74,5.55,49.41,5.490000000000002,0,
2022-01-16,2.19,0.77,8.82,52.83,-0.16,7.89,51.52,1.3099999999999952,0,
2022-01-17,-2.36,-6.35,4.28,47.73,-5.38,4.14,48.89,-1.1600000000000037,0,
2022-01-18,-1.22,-4.52,2.93,48.92,-4.66,0.72,48.92,0.0,0,
2022-01-19,2.26,-1.19,3.44,43.25,-0.92,2.25,47.88,-4.630000000000003,0,
2022-01-20,2.99,-0.33,4.42,51.04,-0.44,4.41,48.81,2.229999999999997,0,
2022-01-21,-4.32,-8.86,0.16,50.33,-9.03,0.85,47.07,3.259999999999998,0,
2022-01-22,-8.85,-12.6,-6.34,44.69,-13.31,-6.46,46.36,-1.6700000000000017,0,
2022-01-23,-1.39,-4.47,4.59,49.96,-2.4,2.93,51.7,-1.740000000000002,0,
2022-01-24,-3.97,-7.62,2.36,49.15,-6.65,1.69,48.16,0.990000000000002,0,
2022-01-25,5.62,2.03,10.1,53.62,1.66,11.63,55.23,-1.6099999999999994,0,
2022-01-26,-7.79,-8.54,-1.39,49.55,-6.98,-1.1,49.79,-0.240000000000002,0,
2022-01-27,4.38,2.97,7.43,59.0,1.31,8.21,51.23,7.770000000000003,0,
2022-01-28,-2.3,-7.37,2.18,47.28,-6.78,2.85,48.19,-0.9099999999999966,0,
2022-01-29,-0.4,-1.53,2.22,49.62,-3.01,1.78,50.94,-1.3200000000000005,0,
2022-01-30,3.95,-0.27,8.43,47.65,0.19,6.65,50.05,-2.3999999999999986,0,
2022-01-31,-4.98,-7.36,-0.04,52.21,-6.35,-1.93,49.46,2.75,0,
2022-02-01,1.99,-2.21,9.32,54.24,-3.28,8.08,54.91,-0.6699999999999946,0,
2022-02-02,0.98,-4.04,3.18,47.28,-4.8,2.9,49.68,-2.3999999999999986,0,
2022-02-03,5.8,2.18,11.36,58.25,2.75,11.28,53.36,4.890000000000001,0,
2022-02-04,1.02,-2.07,4.69,54.53,-2.16,5.92,49.27,5.259999999999998,0,
2022-02-05,5.58,0.42,7.69,48.57,0.16,8.91,50.79,-2.219999999999999,0,
2022-02-06,4.67,3.74,10.27,47.47,5.19,8.52,54.37,-6.899999999999999,0,
2022-02-07,2.12,-2.59,7.73,53.66,-1.9,7.56,49.93,3.729999999999997,0,
2022-02-08,1.32,0.21,7.03,51.26,1.06,7.32,53.79,-2.530000000000001,0,
2022-02-09,3.52,0.26,9.41,55.41,0.13,8.69,52.48,2.93,0,
2022-02-10,7.0,5.24,14.18,44.44,6.24,14.12,51.73,-7.289999999999999,0,
2022-02-11,3.7,1.18,10.03,55.94,1.51,9.99,52.63,3.309999999999995,0,
2022-02-12,3.43,0.03,6.72,47.99,0.4,6.31,52.47,-4.479999999999997,0,
2022-02-13,2.55,0.49,6.22,54.7,0.42,6.66,52.0,2.700000000000003,0,
2022-02-14,2.22,-1.16,6.84,48.8,-1.17,7.59,48.75,0.0499999999999971,0,
2022-02-15,1.63,-1.56,3.19,45.84,-1.75,3.9,49.37,-3.529999999999994,0,
2022-02-16,2.95,1.18,5.61,49.25,-0.61,5.02,50.76,-1.509999999999998,0,
2022-02-17,3.17,0.46,6.46,53.69,0.65,7.69,51.15,2.539999999999999,0,
2022-02-18,0.17,-4.7,5.25,52.15,-5.61,4.98,51.76,0.3900000000000005,0,
2022-02-19,7.53,4.84,13.37,55.22,5.71,13.39,53.06,2.1599999999999966,0,
2022-02-20,6.47,4.45,10.5,57.65,4.78,10.49,50.34,7.309999999999995,0,
2022-02-21,0.26,-3.33,5.71,45.99,-3.99,6.74,51.78,-5.789999999999999,0,
2022-02-22,0.87,-2.92,6.41,58.3,-2.77,6.69,52.32,5.979999999999997,0,
2022-02-23,2.02,0.71,7.12,53.08,-0.89,8.04,52.69,0.3900000000000005,0,
2022-02-24,9.65,3.32,10.96,50.67,2.24,10.88,54.0,-3.3299999999999983,0,
2022-02-25,1.49,0.32,5.56,48.02,-0.03,4.63,52.95,-4.93,0,
2022-02-26,12.71,8.53,19.28,54.35,7.69,19.25,55.05,-0.6999999999999957,0,
2022-02-27,1.89,0.58,5.71,55.17,-1.87,6.96,51.76,3.410000000000004,0,
2022-02-28,1.58,-0.09,8.51,49.47,0.79,9.59,49.94,-0.4699999999999988,0,
2022-03-01,1.33,-1.5,4.76,57.93,-1.9,4.59,52.34,5.589999999999996,0,
2022-03-02,5.65,-0.3,12.2,47.95,-0.36,13.22,53.32,-5.369999999999997,0,
2022-03-03,15.05,8.86,18.61,54.86,10.07,18.71,54.9,-0.0399999999999991,0,
2022-03-04,2.02,-2.09,8.35,45.97,-1.33,8.45,50.6,-4.630000000000003,0,
2022-03-05,7.34,2.59,12.53,53.19,1.43,12.86,51.84,1.3499999999999943,0,
2022-03-06,5.1,2.13,11.54,58.33,2.2,10.22,55.05,3.280000000000001,0,
2022-03-07,9.03,6.85,14.06,52.58,7.6,14.21,54.14,-1.5600000000000025,0,
2022-03-08,6.84,4.03,13.74,47.14,4.06,14.76,55.14,-8.0,0,
2022-03-09,4.65,-1.85,8.4,53.6,-2.48,7.47,52.86,0.740000000000002,0,
2022-03-10,7.99,2.38,15.07,56.0,2.2,15.45,54.38,1.6199999999999974,0,
2022-03-11,3.04,-0.68,4.81,55.45,-0.24,4.16,53.95,1.5,0,
2022-03-12,5.75,2.4,10.66,57.64,2.68,8.04,53.07,4.57,0,
2022-03-13,15.77,12.18,20.51,52.2,12.17,20.4,56.17,-3.969999999999999,0,
2022-03-14,11.32,5.37,16.6,56.89,5.51,15.5,54.38,2.509999999999998,0,
2022-03-15,7.93,5.25,11.82,58.24,5.9,12.38,53.83,4.410000000000004,0,
2022-03-16,8.15,2.18,12.6,47.4,1.64,11.97,53.98,-6.579999999999998,0,
2022-03-17,10.36,4.39,13.42,56.27,5.57,14.52,55.09,1.1799999999999995,0,
2022-03-18,4.6,1.67,12.14,52.17,1.32,12.96,54.04,-1.8699999999999972,0,
2022-03-19,9.69,3.62,13.69,56.58,3.58,14.26,56.88,-0.3000000000000042,0,
2022-03-20,6.1,-0.21,11.81,54.59,0.18,11.85,53.31,1.2800000000000011,0,
2022-03-21,10.16,5.78,14.66,53.48,5.3,15.73,55.28,-1.8000000000000045,0,
2022-03-22,5.48,1.52,9.49,51.47,3.8,10.23,53.97,-2.5,0,
2022-03-23,6.88,2.79,13.2,57.76,3.66,12.75,57.64,0.1199999999999974,0,
2022-03-24,13.14,9.9,17.54,52.9,10.71,17.68,56.92,-4.020000000000003,0,
2022-03-25,9.13,3.3,13.21,53.13,3.13,11.87,57.14,-4.009999999999998,0,
2022-03-26,9.99,7.42,15.09,56.67,7.64,15.48,54.15,2.520000000000003,0,
2022-03-27,3.21,-4.71,10.6,51.17,-3.72,10.96,55.42,-4.25,0,
2022-03-28,5.94,0.74,11.53,59.42,-0.49,11.18,56.95,2.469999999999999,0,
2022-03-29,6.66,0.0,13.02,57.74,-1.19,13.37,56.03,1.7100000000000009,0,
2022-03-30,10.71,7.32,18.03,52.58,6.96,17.94,58.96,-6.380000000000003,0,
2022-03-31,5.49,2.45,12.41,53.05,1.05,13.15,55.56,-2.510000000000005,0,
2022-04-01,19.44,13.01,27.69,65.91,13.49,27.92,61.49,4.419999999999995,0,
2022-04-02,20.37,15.07,27.19,59.35,15.44,29.66,62.98,-3.629999999999996,0,
2022-04-03,15.22,8.22,23.57,56.44,6.8,22.96,58.15,-1.7100000000000009,0,
2022-04-04,18.42,15.16,24.73,60.49,15.22,22.76,58.78,1.7100000000000009,0,
2022-04-05,14.21,8.87,23.15,64.08,8.29,21.76,61.18,2.8999999999999986,0,
2022-04-06,16.96,15.71,19.54,60.31,15.92,18.92,61.24,-0.9299999999999996,0,
2022-04-07,17.55,12.82,24.52,56.65,13.52,25.92,58.86,-2.210000000000001,0,
2022-04-08,14.89,10.45,23.42,64.17,9.6,23.76,58.9,5.270000000000003,0,
2022-04-09,16.15,10.86,24.88,65.91,12.1,25.2,59.47,6.439999999999998,0,
2022-04-10,14.77,9.82,21.07,60.91,10.32,21.97,57.29,3.619999999999997,0,
2022-04-11,14.14,8.83,19.57,58.04,9.39,20.43,57.73,0.3100000000000023,0,
2022-04-12,18.51,11.44,26.86,56.07,11.89,25.66,59.06,-2.990000000000002,0,
2022-04-13,14.65,10.71,17.91,54.97,10.35,17.46,58.04,-3.0700000000000003,0,
2022-04-14,21.01,17.48,24.82,62.7,15.89,26.43,60.77,1.93,0,
2022-04-15,15.26,6.79,20.29,61.42,5.51,22.56,59.87,1.5500000000000045,0,
2022-04-16,16.08,11.86,21.96,67.88,11.69,23.01,62.7,5.179999999999993,0,
2022-04-17,20.17,16.55,27.05,62.53,18.54,27.02,60.12,2.410000000000004,0,
2022-04-18,17.07,12.69,23.84,56.92,12.9,24.21,62.48,-5.559999999999995,0,
2022-04-19,13.81,9.88,19.72,63.9,9.45,20.78,60.01,3.890000000000001,0,
2022-04-20,12.96,4.78,19.43,56.24,4.73,20.16,59.94,-3.699999999999996,0,
2022-04-21,17.96,11.28,23.58,60.77,11.76,21.92,62.19,-1.4199999999999946,0,
2022-04-22,18.84,11.57,24.51,60.71,12.48,25.39,59.78,0.9299999999999996,0,
2022-04-23,17.19,11.25,23.64,69.47,11.66,23.93,62.09,7.3799999999999955,0,
2022-04-24,19.69,13.04,28.67,70.85,13.59,30.16,62.85,7.999999999999993,0,
2022-04-25,19.97,16.15,25.08,65.3,16.13,23.51,63.06,2.239999999999995,0,
2022-04-26,20.34,17.85,28.57,63.0,16.2,29.06,63.68,-0.6799999999999997,0,
2022-04-27,14.46,7.19,19.37,66.73,6.9,20.21,64.76,1.9699999999999989,0,
2022-04-28,12.0,7.88,16.55,63.23,8.59,16.98,59.94,3.289999999999999,0,
2022-04-29,19.32,15.73,23.62,60.61,15.69,24.86,61.8,-1.1899999999999975,0,
2022-04-30,13.88,6.77,17.34,66.81,6.97,18.05,60.16,6.650000000000006,0,
2022-05-01,20.26,15.09,26.2,63.26,15.1,26.68,62.4,0.8599999999999994,0,
2022-05-02,20.7,13.77,25.47,63.97,13.36,24.82,62.13,1.8399999999999963,0,
2022-05-03,17.23,10.98,23.07,67.0,10.76,23.44,64.53,2.469999999999999,0,
2022-05-04,12.35,7.1,18.6,65.71,8.51,17.81,64.15,1.559999999999988,0,
2022-05-05,14.2,7.12,19.81,64.51,7.38,19.35,61.4,3.1100000000000065,0,
2022-05-06,20.35,16.17,22.96,59.86,15.89,22.22,62.14,-2.280000000000001,0,
2022-05-07,12.42,7.99,18.44,61.11,7.7,19.68,63.17,-2.0600000000000023,0,
2022-05-08,18.24,13.8,22.45,58.59,14.92,22.33,62.66,-4.069999999999993,0,
2022-05-09,13.45,12.35,20.39,66.0,12.23,20.63,64.37,1.6299999999999957,0,
2022-05-10,16.54,11.89,21.67,66.74,12.58,21.09,63.86,2.8799999999999955,0,
2022-05-11,19.87,15.88,25.9,64.04,16.11,26.32,62.35,1.6900000000000048,0,
2022-05-12,20.89,14.92,22.58,72.49,16.62,20.75,66.29,6.199999999999989,0,
2022-05-13,16.88,14.3,23.97,67.25,13.85,21.98,67.27,-0.019999999999996,0,
2022-05-14,22.1,17.01,27.69,66.87,17.89,27.28,64.39,2.480000000000004,0,
2022-05-15,17.62,12.44,20.24,59.3,12.32,19.59,63.34,-4.040000000000006,0,
2022-05-16,17.29,10.18,23.87,63.55,11.1,23.42,64.98,-1.4300000000000068,0,
2022-05-17,12.34,9.47,18.38,66.98,8.71,16.2,64.41,2.5700000000000074,0,
2022-05-18,17.65,12.62,24.11,69.18,13.66,26.13,66.04,3.140000000000001,0,
2022-05-19,14.77,6.65,21.28,66.23,6.96,20.66,67.31,-1.0799999999999983,0,
2022-05-20,17.18,12.67,23.95,64.78,13.79,23.07,65.04,-0.2600000000000051,0,
2022-05-21,18.95,14.42,25.05,58.87,15.32,26.18,64.48,-5.610000000000007,0,
2022-05-22,20.54,13.67,24.5,62.14,14.57,24.17,63.46,-1.3200000000000005,0,
2022-05-23,20.84,13.1,26.29,68.12,13.1,26.99,64.82,3.300000000000012,0,
2022-05-24,20.52,13.84,26.46,68.24,13.06,26.48,66.11,2.1299999999999955,0,
2022-05-25,13.54,11.89,19.74,69.84,12.65,20.6,67.99,1.8500000000000083,0,
2022-05-26,13.59,10.57,15.26,63.27,11.25,14.97,63.67,-0.3999999999999986,0,
2022-05-27,11.94,4.14,15.6,64.41,5.04,15.9,64.5,-0.0900000000000034,0,
2022-05-28,20.72,14.13,26.81,64.17,14.91,25.97,66.69,-2.519999999999996,0,
2022-05-29,19.5,14.31,25.43,70.48,12.87,25.53,68.45,2.030000000000001,0,
2022-05-30,18.1,15.5,24.25,72.52,16.4,24.76,70.55,1.9699999999999989,0,
2022-05-31,20.19,16.14,23.17,68.01,14.77,22.89,65.79,2.219999999999999,0,
2022-06-01,20.76,15.34,25.97,64.63,16.11,25.18,66.38,-1.75,0,
2022-06-02,22.59,17.17,28.02,61.14,16.37,28.11,69.22,-8.079999999999998,0,
2022-06-03,25.74,24.73,31.57,75.14,24.81,30.5,69.93,5.209999999999994,0,
2022-06-04,25.24,20.38,31.45,71.31,21.21,30.44,71.41,-0.0999999999999943,0,
2022-06-05,22.88,20.21,27.56,66.06,20.15,28.75,69.02,-2.9599999999999937,0,
2022-06-06,24.51,20.77,31.59,71.17,20.53,31.97,68.42,2.75,0,
2022-06-07,26.74,20.79,30.19,69.17,19.52,29.37,69.53,-0.3599999999999994,0,
2022-06-08,21.99,15.78,28.53,74.4,17.35,27.64,69.97,4.430000000000007,0,
2022-06-09,28.2,20.9,32.93,73.55,22.56,34.61,70.51,3.039999999999992,0,
2022-06-10,22.68,20.65,28.59,73.74,21.86,28.38,69.66,4.079999999999998,0,
2022-06-11,26.76,24.2,32.81,65.77,24.6,31.49,71.45,-5.680000000000007,0,
2022-06-12,22.62,17.38,27.92,77.17,16.23,28.56,70.43,6.739999999999995,0,
2022-06-13,24.62,22.66,31.21,74.0,22.02,31.63,71.81,2.1899999999999977,0,
2022-06-14,23.73,19.06,29.8,69.76,18.73,29.77,70.27,-0.5099999999999909,0,
2022-06-15,26.3,22.04,31.71,71.36,21.15,31.77,69.59,1.769999999999996,0,
2022-06-16,27.04,23.7,33.47,65.38,24.22,34.59,70.59,-5.210000000000008,0,
2022-06-17,22.25,18.9,25.55,71.93,18.86,25.21,70.65,1.2800000000000011,0,
2022-06-18,24.15,21.06,31.53,68.17,20.64,31.57,68.9,-0.730000000000004,0,
2022-06-19,23.27,17.71,29.27,66.77,18.74,29.97,70.09,-3.3200000000000074,0,
2022-06-20,20.63,18.67,27.43,65.51,18.36,27.18,68.94,-3.4299999999999926,0,
2022-06-21,24.77,18.71,29.98,76.82,19.3,30.35,69.86,6.959999999999994,0,
2022-06-22,21.95,17.85,27.46,69.89,18.94,27.54,71.45,-1.5600000000000025,0,
2022-06-23,25.76,20.31,27.55,78.06,18.63,26.73,69.87,8.189999999999998,0,
2022-06-24,28.59,22.64,34.25,70.8,23.04,35.55,71.02,-0.2199999999999988,0,
2022-06-25,26.3,24.17,29.7,65.23,25.82,30.65,68.41,-3.1799999999999926,0,
2022-06-26,23.0,16.4,29.97,66.79,17.19,29.94,71.21,-4.419999999999988,0,
2022-06-27,22.06,15.78,26.96,77.34,16.81,28.46,70.56,6.780000000000001,0,
2022-06-28,26.42,20.12,31.85,75.02,19.92,30.22,73.93,1.0899999999999892,0,
2022-06-29,20.57,15.19,21.77,69.33,15.2,20.74,68.32,1.0100000000000051,0,
2022-06-30,24.79,18.5,31.38,74.79,18.76,30.33,71.01,3.780000000000001,0,
2022-07-01,28.6,26.91,31.4,75.23,25.88,32.28,71.62,3.61,0,
2022-07-02,24.7,23.5,28.77,79.08,25.19,28.9,73.12,5.959999999999994,0,
2022-07-03,28.42,27.32,29.64,80.49,27.18,30.18,70.92,8.069999999999993,0,
2022-07-04,26.55,24.12,28.13,106.56690795898437,24.13,28.95,71.09,33.376907958984376,0,
2022-07-05,26.91,24.28,29.85,73.95,24.32,31.45,71.95,-0.7000000000000028,0,
2022-07-06,24.33,23.84,26.2,75.17999999999999,23.5,26.5,70.8,1.0799999999999983,0,
2022-07-07,22.72,21.27,24.65,73.4,20.17,24.12,69.48,0.019999999999996,0,
2022-07-08,24.55,21.79,27.76,74.7,21.39,27.84,71.0,-0.7999999999999972,0,
2022-07-09,29.35,25.16,32.81,76.72999999999999,26.53,32.69,73.3,-1.6700000000000017,0,
2022-07-10,26.36,25.64,30.57,90.7,25.95,30.16,70.01,20.69,1,residual_spike_with_precursor
2022-07-11,28.84,24.65,32.89,71.79,25.69,31.82,71.97,-0.1799999999999926,0,
2022-07-12,25.02,21.29,28.53,70.0,22.38,29.23,69.88,0.1200000000000045,0,
2022-07-13,28.74,27.43,33.67,71.22,25.53,33.7,74.03,-2.8100000000000023,0,
2022-07-14,26.83,24.27,32.03,68.66,23.96,31.22,69.51,-0.8500000000000085,0,
2022-07-15,25.39,21.01,30.12,67.01,21.24,28.81,70.43,-3.4200000000000017,0,
2022-07-16,24.54,21.55,28.33,74.92,22.1,27.82,71.62,3.299999999999997,0,
2022-07-17,24.31,21.82,27.83,77.2,22.09,28.47,73.37,3.8299999999999983,0,
2022-07-18,23.24,19.42,28.09,64.02,19.21,29.56,70.85,-6.829999999999998,0,
2022-07-19,22.85,21.92,26.17,66.58,22.27,27.13,70.02,-3.4399999999999977,0,
2022-07-20,23.77,22.57,27.6,68.42,22.49,28.05,73.96,-5.539999999999992,0,
2022-07-21,25.34,21.95,28.11,66.51,23.66,27.3,68.91,-2.3999999999999915,0,
2022-07-22,26.98,24.67,29.47,67.88,25.56,30.45,68.19,-0.3100000000000023,0,
2022-07-23,28.96,25.42,32.1,67.23,24.3,31.54,72.59,-5.359999999999999,0,
2022-07-24,28.19,23.45,32.19,67.67,25.49,32.21,71.08,-3.4099999999999966,0,
2022-07-25,29.29,25.35,32.5,66.74,25.73,32.44,70.46,-3.719999999999999,0,
2022-07-26,28.02,26.71,32.17,73.96,26.99,32.03,73.2,0.7599999999999909,0,
2022-07-27,27.56,25.76,31.01,72.48,26.04,31.78,72.22,0.2600000000000051,0,
2022-07-28,28.88,27.48,32.53,68.69,26.37,33.03,71.36,-2.6700000000000017,0,
2022-07-29,27.96,26.17,28.43,70.1,26.32,29.32,69.45,0.6499999999999915,0,
2022-07-30,26.07,22.17,29.04,70.53,22.23,27.41,72.55,-2.019999999999996,0,
2022-07-31,27.92,23.81,28.09,71.05,22.75,28.05,72.05,-1.0,0,
2022-08-01,28.32,25.75,31.91,77.98,25.63,32.44,71.79,6.189999999999998,0,
2022-08-02,28.34,24.03,31.79,79.47,24.7,32.1,74.51,4.959999999999994,0,
2022-08-03,30.05,27.31,33.83,65.88,27.88,35.09,70.69,-4.810000000000002,0,
2022-08-04,29.61,26.25,32.37,72.71,25.65,32.7,69.64,3.069999999999993,0,
2022-08-05,29.84,27.25,33.42,74.14,28.17,33.13,71.14,3.0,0,
2022-08-06,27.86,23.83,32.7,67.53,23.6,32.95,71.78,-4.25,0,
2022-08-07,28.04,24.84,33.2,75.38,24.36,32.74,72.36,3.019999999999996,0,
2022-08-08,27.63,24.62,31.32,76.94,25.81,31.86,71.25,5.689999999999998,0,
2022-08-09,26.36,21.55,31.74,67.84,20.55,31.6,72.0,-4.159999999999997,0,
2022-08-10,29.14,26.84,33.79,66.84,25.65,31.88,70.24,-3.3999999999999915,0,
2022-08-11,29.98,28.07,32.48,77.81,27.45,32.41,74.05,3.760000000000005,0,
2022-08-12,28.7,27.12,32.67,72.76,27.24,32.36,71.76,1.0,0,
2022-08-13,30.14,25.43,32.61,75.3,25.8,31.15,73.26,2.039999999999992,0,
2022-08-14,29.69,28.25,33.0,73.67,28.54,34.0,72.41,1.2600000000000051,0,
2022-08-15,28.71,25.05,31.04,73.39,25.63,30.92,71.94,1.4500000000000028,0,
2022-08-16,28.25,22.88,31.5,67.08,23.02,30.96,71.99,-4.909999999999997,0,
2022-08-17,30.06,26.01,33.96,76.26,24.31,33.61,72.38,3.8800000000000097,0,
2022-08-18,29.58,27.79,33.85,77.12,27.45,34.16,72.79,4.329999999999998,0,
2022-08-19,29.09,24.14,33.01,72.47,25.0,32.32,73.31,-0.8400000000000034,0,
2022-08-20,28.42,25.32,32.54,71.46,27.25,32.17,71.62,-0.1600000000000108,0,
2022-08-21,27.83,25.08,33.09,66.79,24.92,32.67,72.45,-5.659999999999997,0,
2022-08-22,29.65,26.53,33.5,73.18,25.83,34.23,71.28,1.9000000000000057,0,
2022-08-23,28.28,23.39,32.4,75.23,22.48,33.33,73.11,2.1200000000000045,0,
2022-08-24,27.62,25.97,31.85,69.81,27.44,31.31,70.04,-0.2300000000000039,0,
2022-08-25,28.53,24.83,33.76,78.05,25.85,33.67,73.89,4.159999999999997,0,
2022-08-26,29.43,26.13,32.72,69.69,27.36,32.84,70.92,-1.230000000000004,0,
2022-08-27,28.4,23.56,33.48,70.84,23.18,34.42,68.75,2.0900000000000034,0,
2022-08-28,30.15,27.22,34.0,67.55,26.23,34.82,71.32,-3.769999999999996,0,
2022-08-29,29.56,26.96,33.32,69.84,27.62,33.3,69.92,-0.0799999999999983,0,
2022-08-30,31.09,28.32,35.43,71.9,28.72,36.46,72.55,-0.6499999999999915,0,
2022-08-31,27.42,25.59,31.63,70.34,24.87,32.9,69.51,0.8299999999999983,0,
2022-09-01,26.13,21.78,29.73,67.76,21.13,29.09,69.12,-1.3599999999999994,0,
2022-09-02,26.77,25.75,28.9,66.54,25.22,28.77,67.03,-0.4899999999999949,0,
2022-09-03,20.78,16.25,23.33,70.65,17.7,23.4,67.59,3.0600000000000023,0,
2022-09-04,19.64,19.24,22.84,63.18,18.85,24.03,64.8,-1.6199999999999974,0,
2022-09-05,22.98,20.95,28.24,60.98,20.42,27.7,66.93,-5.95000000000001,0,
2022-09-06,27.8,27.7,33.38,78.09,27.39,30.69,71.61,6.480000000000004,0,
2022-09-07,20.51,16.87,23.93,74.39,15.67,23.64,69.28,5.109999999999999,0,
2022-09-08,21.74,18.71,26.24,64.39,18.79,26.09,69.17,-4.780000000000001,0,
2022-09-09,29.38,25.6,33.8,71.08,24.06,32.78,68.53,2.549999999999997,0,
2022-09-10,23.79,19.78,29.01,66.89,19.86,28.91,68.75,-1.8599999999999997,0,
2022-09-11,23.2,18.0,26.9,69.17,19.32,25.57,68.2,0.9699999999999988,0,
2022-09-12,29.06,25.43,34.32,69.14,25.9,34.11,68.05,1.0900000000000034,0,
2022-09-13,28.09,25.66,32.36,70.79,27.53,33.42,71.65,-0.8599999999999994,0,
2022-09-14,19.35,18.48,21.35,65.56,17.08,22.91,68.46,-2.8999999999999915,0,
2022-09-15,27.12,24.41,29.22,65.66,22.94,27.77,68.22,-2.5600000000000023,0,
2022-09-16,24.06,20.75,25.48,64.26,20.75,25.52,67.65,-3.390000000000001,0,
2022-09-17,27.64,24.89,32.19,66.14,25.63,30.34,69.22,-3.0799999999999983,0,
2022-09-18,28.65,28.03,32.54,65.77,28.37,33.66,66.01,-0.2400000000000091,0,
2022-09-19,28.8,28.11,33.94,66.21,28.27,33.65,68.86,-2.6500000000000057,0,
2022-09-20,29.26,23.98,33.57,70.15,24.01,34.04,67.62,2.530000000000001,0,
2022-09-21,23.58,19.86,28.73,71.63,19.95,27.2,66.12,5.509999999999991,0,
2022-09-22,26.29,21.59,30.44,65.24,22.5,30.0,67.39,-2.1500000000000057,0,
2022-09-23,27.57,23.07,32.36,71.69,24.29,33.84,70.8,0.8900000000000006,0,
2022-09-24,23.49,20.85,28.44,70.13,20.73,29.92,68.28,1.8499999999999943,0,
2022-09-25,26.63,24.27,32.29,68.92,25.15,32.38,67.17,1.75,0,
2022-09-26,29.22,26.63,33.68,69.35,26.43,33.3,69.07,0.2800000000000011,0,
2022-09-27,24.76,22.63,30.5,72.27,23.78,30.25,69.52,2.75,0,
2022-09-28,26.33,20.94,31.0,70.31,20.77,30.69,68.53,1.7800000000000011,0,
2022-09-29,28.76,26.8,33.14,63.3,25.78,31.64,67.88,-4.579999999999998,0,
2022-09-30,20.81,16.97,25.81,68.17,16.92,26.34,64.95,3.219999999999999,0,
2022-10-01,14.93,9.56,20.83,68.91,10.08,21.21,65.63,3.280000000000001,0,
2022-10-02,12.99,8.18,15.59,61.23,8.61,14.94,64.06,-2.8300000000000054,0,
2022-10-03,17.21,15.67,23.74,66.76,15.37,23.34,66.62,0.1400000000000005,0,
2022-10-04,16.23,10.69,18.61,67.27,11.35,19.36,64.75,2.519999999999996,0,
2022-10-05,17.55,11.35,23.59,65.38,13.1,23.32,66.16,-0.7800000000000011,0,
2022-10-06,12.96,9.74,15.19,66.19,10.61,13.85,62.22,3.969999999999999,0,
2022-10-07,12.12,7.71,17.55,73.19,5.98,19.69,65.19,8.0,0,
2022-10-08,16.64,10.29,22.61,61.36,9.79,21.83,64.27,-2.9099999999999966,0,
2022-10-09,17.13,11.03,22.88,61.93,11.44,21.97,67.04,-5.110000000000007,0,
2022-10-10,17.06,14.42,21.65,63.96,13.69,21.16,62.83,1.1300000000000026,0,
2022-10-11,17.64,13.65,22.17,69.0,14.06,21.02,66.33,2.6700000000000017,0,
2022-10-12,17.85,12.54,23.91,63.25,12.87,24.21,64.11,-0.8599999999999994,0,
2022-10-13,17.01,12.21,22.77,67.88,12.34,23.12,62.51,5.369999999999997,0,
2022-10-14,12.49,7.92,19.74,57.01,8.28,18.99,61.97,-4.960000000000001,0,
2022-10-15,15.9,12.74,22.15,65.3,15.52,23.25,62.74,2.559999999999995,0,
2022-10-16,16.75,11.38,23.34,61.53,10.5,24.02,63.77,-2.240000000000002,0,
2022-10-17,15.13,11.85,19.67,69.59,11.23,19.55,63.23,6.360000000000007,0,
2022-10-18,17.59,11.73,21.9,69.07,12.05,21.98,61.7,7.36999999999999,0,
2022-10-19,15.36,9.84,20.6,59.29,10.1,19.9,62.12,-2.8299999999999983,0,
2022-10-20,16.22,10.53,20.86,63.26,9.58,19.21,65.29,-2.030000000000008,0,
2022-10-21,17.23,12.56,23.02,68.24,12.69,22.12,65.05,3.1899999999999977,0,
2022-10-22,16.01,11.59,20.48,61.06,10.69,20.52,62.49,-1.4299999999999995,0,
2022-10-23,18.14,15.17,24.85,62.6,15.99,24.14,62.77,-0.1700000000000017,0,
2022-10-24,15.04,9.09,19.46,61.49,9.84,19.26,61.39,0.1000000000000014,0,
2022-10-25,18.61,13.06,24.48,55.96,12.86,26.59,63.07,-7.109999999999999,0,
2022-10-26,15.76,10.37,20.9,59.69,10.59,20.13,59.74,-0.0500000000000042,0,
2022-10-27,16.03,10.97,19.49,57.97,11.52,18.73,60.52,-2.5500000000000043,0,
2022-10-28,18.4,16.25,24.99,57.8,15.15,23.59,59.63,-1.8300000000000052,0,
2022-10-29,15.14,15.04,20.44,67.18,15.83,20.88,61.84,5.340000000000003,0,
2022-10-30,15.44,9.81,17.71,56.42,8.51,18.58,61.07,-4.649999999999999,0,
2022-10-31,14.76,8.21,20.47,62.8,9.32,21.54,59.66,3.140000000000001,0,
2022-11-01,7.75,6.85,14.62,60.23,7.13,14.45,61.84,-1.6100000000000063,0,
2022-11-02,16.51,12.32,23.27,58.43,13.78,24.36,59.06,-0.6300000000000026,0,
2022-11-03,5.3,0.24,9.49,59.08,-0.36,9.97,55.61,3.469999999999999,0,
2022-11-04,14.07,9.26,16.57,60.93,8.09,15.45,59.58,1.3500000000000014,0,
2022-11-05,9.75,2.81,17.04,62.74,2.78,16.67,60.48,2.260000000000005,0,
2022-11-06,15.71,12.53,19.7,65.66,12.46,21.95,62.27,3.389999999999993,0,
2022-11-07,6.31,3.52,14.12,55.95,3.04,13.19,57.69,-1.7399999999999949,0,
2022-11-08,1.82,-4.35,7.2,57.47,-4.3,7.79,58.14,-0.6700000000000017,0,
2022-11-09,6.49,5.41,11.0,53.5,5.57,11.54,57.61,-4.109999999999999,0,
2022-11-10,6.61,0.39,9.83,55.26,0.87,8.77,56.6,-1.3400000000000034,0,
2022-11-11,-4.05,-8.42,2.21,64.54,-7.91,4.35,56.53,8.010000000000005,0,
2022-11-12,-0.51,-7.92,6.45,62.39,-9.04,6.84,56.67,5.719999999999999,0,
2022-11-13,2.62,-0.73,8.29,48.87,-0.05,8.7,53.98,-5.109999999999999,0,
2022-11-14,3.56,0.26,8.07,54.81,-0.82,7.68,58.41,-3.5999999999999943,0,
2022-11-15,6.05,1.7,13.61,61.6,2.71,14.9,59.15,2.450000000000003,0,
2022-11-16,15.85,12.32,19.46,60.19,13.71,19.66,57.42,2.769999999999996,0,
2022-11-17,6.57,3.82,12.83,61.08,4.06,15.16,57.43,3.649999999999999,0,
2022-11-18,14.53,7.33,18.14,58.04,6.62,18.31,58.24,-0.2000000000000028,0,
2022-11-19,17.66,12.82,24.68,58.75,14.4,24.35,59.29,-0.5399999999999991,0,
2022-11-20,9.52,4.9,17.3,59.63,5.42,16.88,56.38,3.25,0,
2022-11-21,9.36,2.9,11.42,55.4,3.99,11.36,54.79,0.6099999999999994,0,
2022-11-22,2.54,-3.89,7.76,48.78,-4.69,8.32,54.79,-6.009999999999998,0,
2022-11-23,14.79,10.07,19.79,60.88,9.58,18.61,59.18,1.7000000000000028,0,
2022-11-24,9.43,3.35,15.22,55.12,3.34,15.1,57.01,-1.8900000000000008,0,
2022-11-25,5.4,2.46,10.71,58.48,3.27,11.38,54.85,3.629999999999996,0,
2022-11-26,13.51,10.39,18.52,68.43,9.23,19.14,58.1,10.330000000000004,0,
2022-11-27,9.15,5.79,13.54,53.97,5.37,12.96,51.48,2.490000000000002,0,
2022-11-28,5.16,1.77,6.7,58.36,0.99,7.0,55.97,2.390000000000001,0,
2022-11-29,16.79,14.05,21.89,58.9,13.46,22.7,54.73,4.170000000000002,0,
2022-11-30,16.35,14.66,24.4,60.74,14.24,25.32,57.24,3.5,0,
2022-12-01,1.01,-3.52,5.27,55.31,-2.19,5.68,51.76,3.5500000000000043,0,
2022-12-02,4.18,-0.77,7.97,57.24,-3.0,8.48,51.94,5.300000000000004,0,
2022-12-03,-0.5,-4.85,4.37,66.17,-4.58,5.29,54.77,11.4,0,
2022-12-04,1.52,-2.93,6.3,52.26,-2.88,6.6,52.63,-0.3700000000000045,0,
2022-12-05,2.79,-1.46,7.54,58.65,-2.06,7.53,54.03,4.619999999999997,0,
2022-12-06,-3.32,-7.01,1.5,50.98,-7.61,3.72,52.1,-1.1200000000000043,0,
2022-12-07,4.58,0.33,9.33,56.8,0.16,8.81,54.4,2.3999999999999986,0,
2022-12-08,0.05,-5.46,4.75,51.8,-5.01,5.43,52.61,-2.3100000000000023,0,
2022-12-09,-0.4,-4.35,3.96,56.36,-3.71,5.02,50.45,3.809999999999995,0,
2022-12-10,1.19,-2.55,6.19,56.35,-2.95,6.37,54.25,-0.6000000000000014,0,
2022-12-11,5.55,1.22,10.71,70.98248291015625,0.38,9.77,52.82,14.862482910156253,0,
2022-12-12,0.82,-3.62,4.88,62.07,-3.86,4.63,49.91,8.260000000000005,0,
2022-12-13,-3.02,-8.48,0.74,54.06,-8.39,1.31,50.54,-0.9799999999999968,0,
2022-12-14,7.19,3.58,12.05,65.98,4.48,12.66,55.89,4.990000000000002,0,
2022-12-15,-2.37,-7.35,0.94,69.54,-8.35,0.49,52.38,17.160000000000004,1,residual_spike_with_precursor
2022-12-16,-0.38,-4.8,4.07,46.53,-5.01,4.14,51.18,-4.649999999999999,0,
2022-12-17,0.83,-4.6,4.4,50.29,-4.57,3.81,51.1,-0.8100000000000023,0,
2022-12-18,1.09,-2.49,3.75,49.96,-2.77,5.11,51.1,-1.1400000000000006,0,
2022-12-19,-3.53,-7.18,-0.08,61.78,-6.55,0.95,53.78,8.0,0,
2022-12-20,4.7,1.63,7.68,54.47,3.58,9.22,52.87,1.6000000000000014,0,
2022-12-21,1.09,-1.8,3.96,46.99,-3.63,5.73,52.09,-5.100000000000001,0,
2022-12-22,-4.39,-7.68,-0.44,49.83,-6.88,-0.58,51.92,-2.0900000000000034,0,
2022-12-23,-2.5,-6.23,1.54,54.82,-6.28,-0.01,51.04,3.780000000000001,0,
2022-12-24,1.99,-1.86,6.6,59.0,-2.48,5.64,51.27,7.729999999999997,0,
2022-12-25,-0.03,-2.21,4.85,45.2,-1.9,5.68,51.07,-5.869999999999997,0,
2022-12-26,-0.15,-4.29,4.69,44.02,-4.43,2.77,50.98,-6.959999999999994,0,
2022-12-27,-3.5,-7.19,1.68,57.28,-7.56,0.23,50.36,6.920000000000002,0,
2022-12-28,1.16,-2.56,5.64,53.74,-3.01,5.07,52.29,1.4500000000000028,0,
2022-12-29,5.2,0.97,10.1,48.9,1.6,10.84,52.11,-3.210000000000001,0,
2022-12-30,-0.68,-4.12,4.42,53.91,-3.05,3.97,51.93,1.9799999999999969,0,
2022-12-31,1.45,-4.45,5.22,42.64,-2.42,5.51,50.64,-8.0,0,
2023-01-01,-1.5,-2.28,-0.42,50.14,-3.27,-0.27,50.13,0.009999999999998,0,
2023-01-02,0.52,-2.73,5.53,49.13,-2.57,5.25,47.91,1.220000000000006,0,
2023-01-03,-0.52,-1.91,3.17,55.35,-1.86,3.88,51.93,3.4200000000000017,0,
2023-01-04,2.04,1.09,5.48,47.81,0.96,5.64,51.56,-3.75,0,
2023-01-05,-3.93,-8.82,-3.21,50.67,-7.82,-4.47,50.36,0.3100000000000023,0,
2023-01-06,4.02,-0.64,6.77,43.14,1.46,6.82,46.57,-3.43,0,
2023-01-07,3.18,1.63,5.94,55.05,1.91,5.5,54.1,0.9499999999999956,0,
2023-01-08,1.28,-2.58,4.39,46.87,-2.41,2.56,50.18,-3.3100000000000023,0,
2023-01-09,2.11,-0.11,8.27,51.41,0.03,7.34,52.92,-1.5100000000000051,0,
2023-01-10,-0.15,-3.57,3.33,44.88,-3.18,3.0,48.56,-3.68,0,
2023-01-11,-4.78,-6.16,0.36,52.93,-6.01,1.16,50.52,2.4099999999999966,0,
2023-01-12,-4.63,-7.73,-0.21,50.91,-7.46,-0.48,47.73,3.18,0,
2023-01-13,3.32,-1.65,8.34,49.12,-3.24,8.08,49.99,-0.8700000000000045,0,
2023-01-14,1.18,-2.46,6.44,53.62,-3.31,7.07,53.48,0.1400000000000005,0,
2023-01-15,-0.18,-3.96,2.81,44.21,-3.9,2.7,49.57,-5.359999999999999,0,
2023-01-16,-5.57,-6.94,-0.65,48.48,-9.38,-2.03,49.59,-1.1100000000000063,0,
2023-01-17,-1.32,-6.92,3.02,50.78,-6.1,3.4,50.97,-0.1899999999999977,0,
2023-01-18,-0.41,-5.35,2.66,58.4,-6.38,4.02,50.4,8.0,0,
2023-01-19,-0.34,-4.27,5.95,46.47,-4.18,6.22,50.59,-4.1200000000000045,0,
2023-01-20,2.88,-0.97,7.7,56.73,-2.68,6.92,51.31,5.419999999999995,0,
2023-01-21,1.56,0.14,5.89,57.89,-0.89,5.32,54.2,3.6899999999999977,0,
2023-01-22,-4.25,-7.29,1.52,50.44,-9.73,0.85,49.4,1.0399999999999991,0,
2023-01-23,-12.02,-17.57,-9.64,53.77,-16.84,-8.0,47.26,6.510000000000005,0,
2023-01-24,3.97,0.84,6.01,53.46,0.29,6.68,52.09,1.3699999999999974,0,
2023-01-25,-0.99,-4.43,4.61,53.2,-4.02,3.03,51.76,1.4400000000000048,0,
2023-01-26,3.83,-0.59,6.36,52.04,-0.59,5.93,52.24,-0.2000000000000028,0,
2023-01-27,-7.38,-11.22,-3.89,53.8,-13.28,-4.09,49.27,4.529999999999994,0,
2023-01-28,2.72,0.07,8.55,53.36,0.44,9.93,49.31,4.049999999999997,0,
2023-01-29,1.27,-3.52,5.4,50.34,-4.5,7.47,52.66,-2.319999999999993,0,
2023-01-30,-7.06,-12.1,-3.81,41.66,-12.91,-1.23,46.54,-4.880000000000003,0,
2023-01-31,3.12,-0.6,4.41,49.89,0.27,3.36,50.64,-0.75,0,
2023-02-01,2.38,-2.44,6.3,46.35,-2.95,5.71,49.31,-2.960000000000001,0,
2023-02-02,1.22,-0.87,6.0,50.29,0.33,5.85,50.53,-0.240000000000002,0,
2023-02-03,1.27,-3.64,4.09,55.11,-1.95,3.9,50.53,4.579999999999998,0,
2023-02-04,0.05,-6.36,5.1,48.88,-6.42,5.24,50.57,-1.6899999999999975,0,
2023-02-05,13.29,7.8,19.32,53.67,7.34,18.77,53.83,-0.1599999999999966,0,
2023-02-06,4.74,0.15,11.68,54.3,0.76,13.05,54.08,0.2199999999999988,0,
2023-02-07,0.23,-3.82,7.26,54.62,-4.34,6.07,51.48,3.140000000000001,0,
2023-02-08,5.09,2.14,10.68,43.32,2.01,10.04,51.32,-8.0,0,
2023-02-09,4.48,2.72,9.93,50.88,4.13,9.39,53.12,-2.239999999999995,0,
2023-02-10,7.15,3.15,10.28,54.21,2.69,9.57,53.42,0.7899999999999991,0,
2023-02-11,7.74,4.25,12.6,54.78,4.82,13.1,50.34,4.439999999999998,0,
2023-02-12,0.9,-2.52,4.57,49.62,-2.18,5.35,51.44,-1.8200000000000005,0,
2023-02-13,12.62,6.2,14.02,46.49,7.22,14.27,53.44,-6.949999999999996,0,
2023-02-14,3.12,-0.29,8.62,53.3,1.24,8.09,51.01,2.289999999999999,0,
2023-02-15,7.14,3.09,10.27,51.57,4.11,11.67,53.92,-2.3500000000000014,0,
2023-02-16,1.7,-3.75,7.39,46.48,-3.06,7.58,50.88,-4.400000000000006,0,
2023-02-17,1.21,-2.74,2.34,48.21,-2.94,2.48,50.52,-2.3100000000000023,0,
2023-02-18,7.34,5.92,13.47,51.92,5.9,14.26,52.6,-0.6799999999999997,0,
2023-02-19,8.23,3.66,13.63,50.47,3.63,12.73,52.71,-2.240000000000002,0,
2023-02-20,6.87,3.54,13.66,43.19,3.34,13.39,51.19,-8.0,0,
2023-02-21,1.03,-0.79,8.01,52.98,-0.19,8.44,49.66,3.3200000000000003,0,
2023-02-22,4.92,-1.43,10.68,59.19,0.11,12.01,54.47,4.719999999999999,0,
2023-02-23,6.53,1.26,8.94,53.09,2.62,7.78,50.68,2.410000000000004,0,
2023-02-24,9.36,7.69,14.75,47.81,4.33,15.45,52.02,-4.210000000000001,0,
2023-02-25,2.04,-1.81,6.17,47.61,-1.35,7.59,48.35,-0.740000000000002,0,
2023-02-26,7.77,4.5,8.77,51.35,5.08,10.12,51.37,-0.019999999999996,0,
2023-02-27,13.37,8.83,15.24,53.88,8.88,15.74,51.67,2.210000000000001,0,
2023-02-28,3.58,-2.62,7.77,56.87,0.27,6.83,54.4,2.469999999999999,0,
2023-03-01,9.14,2.16,15.27,52.29,2.41,17.64,55.01,-2.719999999999999,0,
2023-03-02,10.36,7.58,16.4,53.46,5.73,16.25,53.16,0.3000000000000042,0,
2023-03-03,7.7,3.97,9.47,57.88,5.04,9.01,56.19,1.6900000000000048,0,
2023-03-04,1.8,-4.31,6.47,58.84,-4.01,6.48,53.45,5.390000000000001,0,
2023-03-05,10.43,4.8,16.88,56.4,6.56,16.36,53.79,2.6099999999999994,0,
2023-03-06,3.81,0.81,7.14,51.77,0.78,8.94,48.85,2.9200000000000017,0,
2023-03-07,10.7,8.21,15.62,58.25,8.27,13.09,57.94,0.3100000000000023,0,
2023-03-08,-3.69,-6.19,0.39,54.51,-9.77,0.61,49.29,5.219999999999999,0,
2023-03-09,7.44,1.8,11.96,52.69,-0.77,11.44,51.17,1.519999999999996,0,
2023-03-10,5.83,-2.11,8.92,51.26,-2.52,7.98,54.45,-3.190000000000005,0,
2023-03-11,10.43,7.74,14.7,63.53,8.18,15.35,58.34,5.189999999999998,0,
2023-03-12,17.39,9.59,22.86,60.69,8.62,20.84,58.11,2.5799999999999983,0,
2023-03-13,4.77,1.23,6.86,52.39,0.47,7.26,54.03,-1.6400000000000006,0,
2023-03-14,4.59,0.77,8.87,52.76,0.94,7.71,54.53,-1.7700000000000031,0,
2023-03-15,8.66,6.93,12.91,57.16,6.97,12.14,56.07,1.0899999999999963,0,
2023-03-16,6.78,4.46,10.41,57.17,4.4,10.48,55.46,1.7100000000000009,0,
2023-03-17,11.13,4.26,17.63,56.64,3.44,16.37,55.91,0.730000000000004,0,
2023-03-18,12.92,7.66,20.35,57.61,9.16,19.87,56.46,1.1499999999999986,0,
2023-03-19,10.0,6.11,13.59,61.38,6.73,15.24,55.09,6.289999999999999,0,
2023-03-20,6.15,0.4,13.32,57.82,0.41,13.85,53.85,3.969999999999999,0,
2023-03-21,8.11,2.42,12.69,55.31,3.17,13.2,54.61,0.7000000000000028,0,
2023-03-22,6.06,-0.91,11.25,55.65,-0.73,9.11,52.17,3.479999999999997,0,
2023-03-23,8.19,2.93,11.93,51.18,4.43,11.63,55.0,-3.82,0,
2023-03-24,10.56,6.18,14.58,55.89,5.55,14.63,54.42,1.4699999999999989,0,
2023-03-25,5.79,-0.61,10.16,59.45,-0.31,10.85,53.23,6.220000000000006,0,
2023-03-26,7.4,0.2,14.2,54.88,-0.22,13.12,56.01,-1.1299999999999957,0,
2023-03-27,6.65,3.75,11.65,54.35,3.64,9.76,57.83,-3.479999999999997,0,
2023-03-28,4.51,1.63,8.27,54.75,1.53,9.39,56.55,-1.7999999999999972,0,
2023-03-29,6.38,3.55,10.64,50.12,3.42,10.39,53.44,-3.3200000000000003,0,
2023-03-30,10.47,5.91,15.14,52.85,6.04,14.53,55.22,-2.369999999999997,0,
2023-03-31,9.7,7.17,13.98,57.87,7.54,13.55,58.18,-0.3100000000000023,0,
2023-04-01,11.98,9.36,18.06,50.64,8.53,18.64,56.24,-5.600000000000001,0,
2023-04-02,14.01,12.24,18.6,59.36,12.32,18.01,57.73,1.6300000000000026,0,
2023-04-03,13.58,9.74,21.77,64.33,9.14,22.79,59.43,4.899999999999999,0,
2023-04-04,12.76,8.44,19.52,54.54,8.46,19.84,56.79,-2.25,0,
2023-04-05,17.19,11.45,23.85,66.91,12.37,23.39,59.32,7.589999999999996,0,
2023-04-06,13.43,5.28,18.38,57.29,6.06,15.4,55.95,1.3399999999999963,0,
2023-04-07,15.6,8.45,19.08,61.65,8.21,18.59,57.45,4.199999999999996,0,
2023-04-08,16.78,10.0,22.36,57.48,10.2,22.22,59.65,-2.1700000000000017,0,
2023-04-09,17.49,10.21,25.82,62.24,10.65,24.61,57.54,4.700000000000003,0,
2023-04-10,14.9,10.71,19.59,55.82,10.52,17.99,59.75,-3.93,0,
2023-04-11,14.51,7.88,19.7,64.04,7.79,19.47,58.99,5.050000000000004,0,
2023-04-12,20.55,13.71,27.49,64.62,12.78,27.9,61.58,3.0400000000000063,0,
2023-04-13,18.08,14.49,24.07,64.73,14.63,23.14,60.81,3.9200000000000017,0,
2023-04-14,17.7,14.0,26.26,60.29,13.4,25.23,63.05,-2.759999999999998,0,
2023-04-15,16.8,13.79,21.44,57.59,13.68,21.52,60.45,-2.8599999999999994,0,
2023-04-16,14.47,12.74,21.32,62.65,13.03,22.73,59.79,2.8599999999999994,0,
2023-04-17,20.22,17.66,28.17,61.43,16.79,29.08,62.11,-0.6799999999999997,0,
2023-04-18,17.91,14.28,23.48,66.0,15.48,24.18,61.84,4.159999999999997,0,
2023-04-19,14.64,11.76,17.78,56.78,12.45,18.24,60.14,-3.3599999999999994,0,
2023-04-20,20.9,14.33,24.5,65.86,14.55,26.49,61.36,4.5,0,
2023-04-21,15.42,13.08,23.7,55.59,14.17,24.45,60.48,-4.8899999999999935,0,
2023-04-22,15.81,11.9,20.26,62.72,11.5,21.81,59.89,2.8299999999999983,0,
2023-04-23,15.82,11.63,24.4,66.25,10.97,22.55,59.68,6.57,0,
2023-04-24,14.76,6.38,19.58,61.32,6.19,19.67,63.23,-1.9099999999999968,0,
2023-04-25,14.19,10.41,17.89,63.57,10.28,18.38,58.96,4.609999999999999,0,
2023-04-26,17.14,14.03,21.53,65.24,13.03,22.89,60.74,4.499999999999993,0,
2023-04-27,16.77,10.23,19.03,58.91,9.92,19.57,60.05,-1.1400000000000006,0,
2023-04-28,17.08,14.72,23.4,62.81,14.41,24.76,63.82,-1.009999999999998,0,
2023-04-29,13.06,11.14,19.75,57.95,10.27,20.45,61.42,-3.469999999999999,0,
2023-04-30,18.46,14.35,26.57,69.08,14.56,27.28,65.1,3.980000000000004,0,
2023-05-01,19.29,16.28,25.52,63.04,15.64,26.68,62.27,0.769999999999996,0,
2023-05-02,12.92,8.49,16.87,64.38,7.48,16.44,61.92,0.9600000000000009,0,
2023-05-03,13.22,7.66,19.75,66.35,7.76,21.58,60.84,3.4099999999999966,0,
2023-05-04,19.44,15.98,25.51,74.88000000000001,17.66,23.83,66.87,5.310000000000002,0,
2023-05-05,15.78,9.1,22.2,67.41,10.6,21.71,61.0,3.1099999999999994,0,
2023-05-06,19.57,13.34,24.38,70.46000000000001,12.05,25.03,63.93,2.6300000000000026,0,
2023-05-07,22.58,15.22,29.52,74.95,14.79,29.08,65.49,4.960000000000008,0,
2023-05-08,12.4,7.84,17.32,85.89538009643555,6.66,17.65,63.0,17.79538009643555,0,
2023-05-09,20.73,14.51,22.35,86.17,14.02,21.98,63.23,22.940000000000005,1,residual_spike_with_precursor
2023-05-10,20.65,13.32,25.32,65.64,14.97,25.96,63.91,1.730000000000004,0,
2023-05-11,20.23,14.2,27.35,59.11,13.41,26.88,64.79,-5.680000000000007,0,
2023-05-12,21.25,19.15,27.8,67.9,18.85,26.77,65.1,2.800000000000012,0,
2023-05-13,20.89,16.38,26.65,68.72,16.57,26.89,66.45,2.269999999999996,0,
2023-05-14,21.08,16.83,25.05,64.42,16.42,25.84,68.18,-3.760000000000005,0,
2023-05-15,19.5,16.51,23.28,62.99,15.88,23.44,63.9,-0.9099999999999966,0,
2023-05-16,16.78,13.95,22.93,62.55,14.64,22.94,62.69,-0.1400000000000005,0,
2023-05-17,18.15,13.56,22.43,64.02,14.02,23.05,64.52,-0.5,0,
2023-05-18,18.74,16.05,22.24,70.03,16.19,22.08,68.8,1.230000000000004,0,
2023-05-19,14.19,8.08,22.35,68.76,8.98,22.51,63.46,5.300000000000004,0,
2023-05-20,20.17,12.44,25.87,71.92,11.7,25.91,67.91,4.010000000000005,0,
2023-05-21,21.32,15.5,23.0,62.89,16.29,24.74,67.75,-4.859999999999999,0,
2023-05-22,13.56,7.26,18.23,65.7,8.55,18.15,63.4,2.3000000000000043,0,
2023-05-23,15.84,11.26,21.15,70.88,10.83,21.8,65.96,4.920000000000002,0,
2023-05-24,21.07,16.36,26.23,70.18,16.05,25.54,68.75,1.4300000000000068,0,
2023-05-25,20.46,16.17,25.83,69.84,16.45,25.39,65.81,4.030000000000001,0,
2023-05-26,19.45,14.65,23.34,73.09,14.54,23.78,65.65,7.439999999999998,0,
2023-05-27,17.81,12.79,20.41,68.37,13.74,20.18,64.58,3.7900000000000063,0,
2023-05-28,16.17,13.6,22.08,65.47,13.43,21.35,64.55,0.9200000000000016,0,
2023-05-29,14.34,6.17,18.25,67.81,4.62,17.51,63.95,3.86,0,
2023-05-30,21.4,16.64,25.26,65.53,17.17,26.78,64.99,0.5400000000000063,0,
2023-05-31,20.06,18.58,23.7,67.05,19.45,23.09,66.96,0.0900000000000034,0,
2023-06-01,23.56,22.04,29.65,65.77,23.79,28.87,67.07,-1.2999999999999972,0,
2023-06-02,21.86,18.68,28.18,74.01,18.74,28.57,68.22,5.790000000000006,0,
2023-06-03,19.75,13.92,26.53,62.02,13.9,26.69,65.05,-3.029999999999994,0,
2023-06-04,23.06,20.58,28.19,74.35,20.34,27.94,68.68,5.669999999999988,0,
2023-06-05,26.31,20.19,30.62,71.6,19.03,31.25,69.75,1.8499999999999943,0,
2023-06-06,25.32,18.85,32.09,60.66,19.55,31.62,65.84,-5.180000000000007,0,
2023-06-07,24.07,19.48,28.49,70.31,19.41,27.08,68.95,1.3599999999999994,0,
2023-06-08,24.77,22.89,31.58,63.4,23.44,31.32,71.17,-7.770000000000003,0,
2023-06-09,22.69,16.82,29.7,69.17,16.95,30.08,66.86,2.3100000000000023,0,
2023-06-10,23.8,18.85,28.63,74.46,17.97,28.94,71.18,3.279999999999987,0,
2023-06-11,28.73,23.79,34.47,68.43,25.65,34.35,70.62,-2.1899999999999977,0,
2023-06-12,22.59,17.52,28.93,68.28,17.09,26.82,67.83,0.4500000000000028,0,
2023-06-13,24.06,18.63,28.82,76.11,19.6,28.39,68.87,7.239999999999995,0,
2023-06-14,21.34,15.81,26.83,67.57,16.16,27.54,69.44,-1.8700000000000043,0,
2023-06-15,25.97,19.79,31.86,65.89,17.97,32.82,69.81,-3.9200000000000017,0,
2023-06-16,26.03,24.86,30.51,76.26,25.75,30.12,70.78,5.480000000000004,0,
2023-06-17,24.14,22.06,27.33,75.21,22.49,27.65,67.95,7.259999999999991,0,
2023-06-18,24.37,17.73,29.29,69.65,17.76,29.13,69.64,0.0100000000000051,0,
2023-06-19,24.82,22.5,30.0,71.62,24.9,30.38,67.88,3.740000000000009,0,
2023-06-20,24.36,19.16,29.69,74.55,20.67,30.23,69.59,4.959999999999994,0,
2023-06-21,24.65,16.82,28.25,65.23,16.34,27.72,67.97,-2.739999999999995,0,
2023-06-22,24.79,21.39,31.42,67.51,20.31,31.51,69.3,-1.789999999999992,0,
2023-06-23,20.39,18.64,27.32,76.16,18.95,25.39,71.6,4.560000000000002,0,
2023-06-24,24.5,19.13,28.05,77.6,19.56,28.44,71.37,6.22999999999999,0,
2023-06-25,22.43,16.9,27.43,72.62,16.79,26.51,70.54,2.0799999999999983,0,
2023-06-26,23.67,18.34,25.29,64.44,18.63,25.7,67.69,-3.25,0,
2023-06-27,24.23,19.11,30.57,77.31,18.07,30.65,69.96,7.350000000000008,0,
2023-06-28,23.68,17.5,28.41,69.84,17.85,28.8,71.8,-1.9599999999999935,0,
2023-06-29,23.4,15.55,29.89,69.14,16.17,29.36,70.38,-1.2399999999999949,0,
2023-06-30,25.27,18.94,31.87,75.53,19.07,33.21,74.26,1.269999999999996,0,
2023-07-01,27.9,27.22,28.94,77.19,25.96,28.96,71.44,5.75,0,
2023-07-02,22.73,20.26,26.31,73.58,20.24,24.9,70.42,3.1599999999999966,0,
2023-07-03,24.61,21.86,26.1,71.23,21.14,25.47,69.7,1.5300000000000011,0,
2023-07-04,25.41,24.73,28.32,72.75,25.07,28.26,71.04,1.7099999999999935,0,
2023-07-05,26.59,23.83,29.91,70.96,24.16,30.07,70.8,0.1599999999999966,0,
2023-07-06,28.78,26.49,32.28,74.75,24.95,31.96,72.68,2.069999999999993,0,
2023-07-07,23.82,23.2,24.97,63.75,22.91,25.91,71.75,-8.0,0,
2023-07-08,26.35,23.45,29.09,68.71,22.45,28.88,69.81,-1.1000000000000083,0,
2023-07-09,24.58,20.65,27.91,69.57,19.28,27.47,68.68,0.8899999999999864,0,
2023-07-10,28.98,26.67,32.01,64.72,26.92,33.15,68.98,-4.260000000000005,0,
2023-07-11,29.06,27.8,31.49,73.96,28.45,32.11,72.53,1.4299999999999926,0,
2023-07-12,28.98,25.86,31.47,69.22,27.18,30.93,69.98,-0.7600000000000051,0,
2023-07-13,28.13,27.27,29.78,74.79,26.61,29.61,68.3,6.490000000000009,0,
2023-07-14,23.35,21.92,24.72,76.84,19.98,25.76,71.02,5.820000000000007,0,
2023-07-15,26.89,23.37,30.69,73.5,23.59,31.7,75.23,-1.730000000000004,0,
2023-07-16,27.34,23.68,30.65,70.94,23.2,30.33,71.49,-0.5499999999999972,0,
2023-07-17,25.25,23.01,26.96,71.89,23.17,27.7,72.16,-0.269999999999996,0,
2023-07-18,25.42,21.54,30.47,69.9,21.44,29.82,71.57,-1.6699999999999875,0,
2023-07-19,24.17,21.5,27.28,71.51,22.14,26.88,70.79,0.7199999999999989,0,
2023-07-20,26.57,25.19,29.84,70.18,25.4,30.0,72.99,-2.809999999999988,0,
2023-07-21,26.62,26.04,29.14,66.94,26.27,29.52,71.13,-4.189999999999998,0,
2023-07-22,29.13,25.48,30.65,74.35,25.25,28.97,72.04,2.309999999999988,0,
2023-07-23,25.62,24.02,26.31,73.74,24.15,27.15,71.41,2.3299999999999983,0,
2023-07-24,25.95,22.25,28.91,67.27,22.15,28.8,70.25,-2.980000000000004,0,
2023-07-25,26.25,24.07,26.8,75.8,25.01,28.01,72.48,3.319999999999993,0,
2023-07-26,25.96,24.49,29.38,68.94,23.54,29.4,71.28,-2.3400000000000034,0,
2023-07-27,24.47,22.45,27.41,70.89,22.23,27.47,69.95,0.9399999999999976,0,
2023-07-28,27.4,25.22,31.34,75.72,26.04,32.36,72.68,3.039999999999992,0,
2023-07-29,28.81,24.63,30.01,70.0,24.61,30.03,70.13,-0.1299999999999954,0,
2023-07-30,23.55,19.83,24.25,72.02,18.76,23.11,70.34,1.6799999999999926,0,
2023-07-31,28.29,24.31,31.81,69.88,24.02,31.14,71.79,-1.9100000000000108,0,
2023-08-01,28.25,26.94,30.85,72.75,25.75,30.44,73.47,-0.7199999999999989,0,
2023-08-02,28.41,25.19,32.93,72.01,26.32,32.97,72.77,-0.7599999999999909,0,
2023-08-03,30.11,27.17,35.24,69.8,27.6,36.24,72.5,-2.700000000000003,0,
2023-08-04,28.08,26.66,33.14,72.91,26.07,32.1,73.44,-0.5300000000000011,0,
2023-08-05,28.56,27.13,32.2,69.11,26.83,31.47,74.11,-5.0,0,
2023-08-06,30.68,27.78,33.87,72.04,27.05,35.16,73.07,-1.029999999999987,0,
2023-08-07,31.67,28.55,35.94,71.68,28.07,35.89,72.62,-0.9399999999999976,0,
2023-08-08,29.79,27.75,33.2,69.59,28.9,35.17,70.14,-0.5499999999999972,0,
2023-08-09,29.68,26.79,34.38,70.46,27.32,34.97,70.62,-0.1600000000000108,0,
2023-08-10,28.06,22.61,32.15,70.44,22.76,32.49,71.04,-0.6000000000000085,0,
2023-08-11,29.71,26.54,34.91,74.34,26.21,35.68,71.31,3.030000000000001,0,
2023-08-12,30.57,27.91,33.61,76.68,28.31,35.34,71.72,4.960000000000008,0,
2023-08-13,28.33,24.05,33.35,70.82,23.55,32.45,71.8,-0.980000000000004,0,
2023-08-14,28.83,23.71,32.62,67.54,22.64,31.92,72.27,-4.72999999999999,0,
2023-08-15,29.63,26.1,32.74,66.86,27.72,33.77,71.51,-4.650000000000006,0,
2023-08-16,28.21,25.96,31.6,71.71,25.81,31.69,72.16,-0.4500000000000028,0,
2023-08-17,29.62,27.0,32.89,70.67,26.8,33.18,71.72,-1.0499999999999972,0,
2023-08-18,30.39,27.68,34.53,67.26,28.98,34.89,68.93,-1.6700000000000017,0,
2023-08-19,29.67,25.08,31.16,67.14,23.39,32.01,69.61,-2.469999999999999,0,
2023-08-20,29.37,26.59,33.28,70.12,26.94,34.15,71.3,-1.1799999999999926,0,
2023-08-21,29.16,27.68,34.1,71.41,27.11,32.85,69.91,1.5,0,
2023-08-22,29.62,25.33,33.44,75.9,25.85,33.66,72.2,3.700000000000003,0,
2023-08-23,26.3,24.18,29.6,70.96,24.96,29.54,72.92,-1.960000000000008,0,
2023-08-24,28.76,24.25,32.49,71.92,25.34,32.15,72.78,-0.8599999999999994,0,
2023-08-25,28.95,26.47,32.7,68.87,24.8,33.82,70.79,-1.9200000000000017,0,
2023-08-26,31.99,30.08,35.12,75.0,28.68,33.66,73.86,1.1400000000000006,0,
2023-08-27,28.63,26.31,32.82,70.35,25.89,31.58,71.22,-0.8700000000000045,0,
2023-08-28,30.04,27.58,35.51,77.72,27.07,35.84,70.95,6.769999999999996,0,
2023-08-29,29.84,26.19,34.06,65.39,25.71,34.2,70.08,-4.689999999999998,0,
2023-08-30,29.55,28.18,33.74,70.24,27.91,34.99,70.6,-0.3599999999999994,0,
2023-08-31,31.25,28.8,34.39,75.15,27.69,35.12,70.46,4.690000000000012,0,
2023-09-01,22.61,19.95,26.21,70.38,19.92,25.86,69.45,0.9299999999999926,0,
2023-09-02,28.76,28.15,32.07,79.32,28.35,31.91,70.79,8.529999999999987,0,
2023-09-03,21.18,18.27,25.55,71.68,18.79,25.13,68.85,2.8300000000000125,0,
2023-09-04,19.86,17.64,22.16,67.07,18.79,21.87,68.8,-1.730000000000004,0,
2023-09-05,22.51,18.41,24.65,71.51,18.89,25.23,70.21,1.3000000000000114,0,
2023-09-06,27.7,26.8,30.31,67.13,28.11,31.11,71.24,-4.109999999999999,0,
2023-09-07,19.84,15.74,24.97,68.66,15.25,26.36,66.02,2.640000000000001,0,
2023-09-08,20.84,17.07,26.29,65.61,16.49,25.36,64.62,0.9899999999999948,0,
2023-09-09,27.88,24.58,31.66,87.97430206298829,23.94,32.18,70.98,16.994302062988282,0,
2023-09-10,27.14,21.27,29.76,68.39,21.17,29.57,66.83,0.0600000000000022,0,
2023-09-11,27.27,23.57,32.24,75.11,22.23,31.85,69.11,3.9000000000000057,0,
2023-09-12,28.0,24.26,33.03,70.0,24.82,33.97,67.75,-0.4500000000000028,0,
2023-09-13,22.33,18.55,27.73,76.13,19.11,26.65,65.57,7.260000000000005,0,
2023-09-14,28.42,24.47,33.88,77.93,23.76,33.26,70.27,3.760000000000005,0,
2023-09-15,23.35,19.38,28.66,85.64,19.49,30.3,69.38,11.760000000000003,0,
2023-09-16,23.21,22.44,27.71,77.72999999999999,22.17,26.07,67.37,5.259999999999991,0,
2023-09-17,21.01,17.94,26.27,86.35,18.33,26.84,63.72,22.629999999999995,1,residual_spike_with_precursor
2023-09-18,27.92,24.09,32.78,69.36,23.26,35.13,68.0,1.3599999999999994,0,
2023-09-19,28.48,22.71,30.13,70.09,22.93,29.71,68.63,1.460000000000008,0,
2023-09-20,23.97,18.56,28.52,58.21,17.63,28.63,65.34,-7.130000000000003,0,
2023-09-21,23.21,17.75,28.14,66.59,17.84,28.62,67.62,-1.0300000000000011,0,
2023-09-22,25.2,23.2,31.15,71.26,24.47,31.22,68.14,3.1200000000000045,0,
2023-09-23,28.83,26.68,33.61,69.27,27.8,34.45,69.45,-0.1800000000000068,0,
2023-09-24,23.57,22.13,28.31,62.38,20.78,28.73,67.58,-5.199999999999996,0,
2023-09-25,23.04,20.08,29.06,65.62,19.9,29.12,65.82,-0.1999999999999886,0,
2023-09-26,19.56,17.39,23.76,74.24,17.27,24.08,67.94,6.299999999999997,0,
2023-09-27,29.49,27.36,33.83,72.54,23.8,33.99,67.93,4.609999999999999,0,
2023-09-28,27.31,24.7,32.84,67.49,24.43,33.41,67.72,-0.2300000000000039,0,
2023-09-29,20.67,17.33,25.67,68.18,17.18,26.4,64.66,3.5200000000000102,0,
2023-09-30,23.54,23.02,25.4,64.18,22.91,25.91,65.54,-1.3599999999999994,0,
2023-10-01,15.47,11.45,17.99,56.54,11.57,19.3,62.85,-6.310000000000002,0,
2023-10-02,12.15,8.48,18.91,60.5,7.91,19.1,63.92,-3.4200000000000017,0,
2023-10-03,14.82,10.35,20.35,72.66,9.08,21.07,66.88,5.780000000000001,0,
2023-10-04,17.79,13.96,24.56,62.04,15.7,24.15,63.05,-1.009999999999998,0,
2023-10-05,15.22,11.21,19.53,60.63,11.3,20.28,61.53,-0.8999999999999986,0,
2023-10-06,17.82,12.71,22.87,65.52,11.04,21.47,66.63,-1.1099999999999994,0,
2023-10-07,16.87,11.77,18.32,70.14,12.6,18.91,63.09,7.049999999999997,0,
2023-10-08,15.2,12.36,18.49,68.48,12.58,17.81,62.47,6.010000000000005,0,
2023-10-09,15.44,10.29,17.47,72.5,10.88,17.15,64.5,8.0,0,
2023-10-10,16.96,11.87,20.65,61.96,11.2,18.53,62.55,-0.5899999999999963,0,
2023-10-11,16.33,15.0,19.28,67.22,14.63,18.53,66.12,1.0999999999999943,0,
2023-10-12,15.11,9.47,18.27,58.05,8.39,19.42,63.66,-5.609999999999999,0,
2023-10-13,16.28,9.87,22.18,67.95,10.11,22.19,62.48,5.470000000000006,0,
2023-10-14,17.48,14.09,22.52,62.35,15.02,22.17,66.68,-4.330000000000005,0,
2023-10-15,19.49,14.46,23.3,63.25,14.46,24.6,62.44,0.8100000000000023,0,
2023-10-16,16.06,13.35,18.14,59.42,14.25,17.28,63.48,-4.059999999999995,0,
2023-10-17,15.35,13.66,17.97,60.54,12.86,18.55,62.72,-2.18,0,
2023-10-18,18.94,14.42,21.74,61.54,14.7,20.6,64.64,-3.1000000000000014,0,
2023-10-19,15.56,11.63,18.95,62.09,10.74,20.16,64.33,-2.239999999999995,0,
2023-10-20,15.85,15.75,22.3,60.89,15.06,20.87,62.89,-2.0,0,
2023-10-21,15.93,13.6,19.41,58.8,14.34,20.37,60.83,-2.030000000000001,0,
2023-10-22,16.14,10.75,19.44,65.33,11.88,19.74,62.25,3.0799999999999983,0,
2023-10-23,16.65,14.97,18.95,56.57,14.79,17.79,60.65,-4.079999999999998,0,
2023-10-24,17.99,13.96,20.4,65.47,14.14,19.75,64.65,0.8199999999999932,0,
2023-10-25,13.29,10.12,20.09,66.11,11.35,18.66,61.61,4.5,0,
2023-10-26,15.34,10.22,21.16,58.9,9.32,20.39,60.79,-1.8900000000000008,0,
2023-10-27,15.68,12.39,19.2,58.62,13.24,20.15,61.28,-2.660000000000004,0,
2023-10-28,16.62,12.16,19.91,58.04,12.22,19.13,58.9,-0.8599999999999994,0,
2023-10-29,16.6,16.15,21.42,64.33,16.84,21.51,59.97,4.359999999999999,0,
2023-10-30,17.55,14.33,19.63,63.24,16.01,19.13,62.52,0.7199999999999989,0,
2023-10-31,16.89,15.05,18.41,57.51,14.83,18.49,59.48,-1.9699999999999989,0,
2023-11-01,14.55,10.21,21.19,60.8,10.71,21.56,59.01,1.7899999999999991,0,
2023-11-02,6.23,3.49,11.73,55.33,4.63,11.29,59.4,-4.07,0,
2023-11-03,14.95,12.59,21.73,64.89,10.74,20.74,62.37,2.520000000000003,0,
2023-11-04,5.5,3.04,9.75,60.55,4.43,10.84,59.04,1.509999999999998,0,
2023-11-05,13.03,5.56,19.01,59.66,5.53,19.63,60.8,-1.1400000000000006,0,
2023-11-06,4.19,0.28,7.44,52.85,4.51,7.51,55.96,-3.1099999999999994,0,
2023-11-07,6.29,1.22,12.92,52.53,2.21,13.17,55.81,-3.280000000000001,0,
2023-11-08,17.77,12.59,24.28,64.45,13.9,22.55,62.47,1.980000000000004,0,
2023-11-09,13.45,10.83,19.69,63.41,11.85,18.43,58.86,4.549999999999997,0,
2023-11-10,19.3,12.0,23.51,56.92,12.39,23.54,59.28,-2.3599999999999994,0,
2023-11-11,13.77,7.84,21.2,62.77,6.45,21.2,61.07,1.7000000000000028,0,
2023-11-12,5.78,1.15,12.75,50.39,0.38,14.96,58.11,-7.719999999999999,0,
2023-11-13,13.4,9.65,18.71,57.05,10.32,18.11,59.21,-2.160000000000004,0,
2023-11-14,4.06,0.41,7.36,59.17,-0.15,5.23,59.29,-0.1199999999999974,0,
2023-11-15,2.48,0.05,10.12,52.18,1.08,9.19,55.54,-3.3599999999999994,0,
2023-11-16,17.68,14.26,22.23,56.87,12.88,23.53,60.33,-3.460000000000001,0,
2023-11-17,18.69,15.42,26.79,57.33,15.23,28.44,59.8,-2.469999999999999,0,
2023-11-18,15.82,10.89,20.83,59.73,11.07,21.34,58.65,1.0799999999999983,0,
2023-11-19,9.68,3.87,15.34,58.46,3.95,15.85,59.15,-0.6899999999999977,0,
2023-11-20,3.36,-0.23,11.16,48.75,-1.8,9.55,56.75,-8.0,0,
2023-11-21,14.1,12.18,21.16,51.12,13.6,19.64,58.97,-7.850000000000001,0,
2023-11-22,0.03,-3.26,7.43,54.35,-3.65,7.08,56.6,-2.25,0,
2023-11-23,6.03,2.17,7.55,56.12,1.76,6.85,54.43,1.6899999999999975,0,
2023-11-24,6.0,1.73,12.51,46.5,3.57,14.4,54.5,-8.0,0,
2023-11-25,7.99,4.55,15.81,52.97,4.88,15.98,54.82,-1.8500000000000012,0,
2023-11-26,9.67,3.59,12.14,50.48,2.86,11.34,52.43,-1.9500000000000028,0,
2023-11-27,12.99,10.54,19.62,65.3,9.34,18.24,60.16,5.140000000000001,0,
2023-11-28,7.06,3.58,13.64,52.52,1.01,12.64,53.95,-1.4299999999999995,0,
2023-11-29,15.12,10.03,21.82,58.16,9.35,22.03,56.75,1.4099999999999966,0,
2023-11-30,9.95,6.83,17.39,56.29,6.96,17.73,55.77,0.519999999999996,0,
2023-12-01,2.14,-1.49,6.41,46.34,-0.83,6.32,54.22,-7.8799999999999955,0,
2023-12-02,0.32,-2.56,7.0,57.86,-2.48,7.03,55.01,2.8500000000000014,0,
2023-12-03,-1.42,-5.41,2.87,54.85,-5.44,1.86,54.05,0.8000000000000043,0,
2023-12-04,2.81,-1.92,7.82,54.63,-2.35,8.51,52.75,1.8800000000000023,0,
2023-12-05,0.48,-3.44,4.61,60.68,-3.08,6.06,52.68,8.0,0,
2023-12-06,-1.36,-5.17,2.46,45.09,-4.47,3.34,52.81,-7.719999999999999,0,
2023-12-07,6.76,3.48,11.14,60.17,3.15,11.43,53.79,6.380000000000003,0,
2023-12-08,2.29,-0.73,7.72,54.68,0.8,8.82,55.74,-1.0600000000000025,0,
2023-12-09,2.13,-0.7,6.98,54.9,-0.63,7.65,53.84,1.0599999999999952,0,
2023-12-10,-1.05,-4.46,5.18,53.47,-3.83,4.35,53.64,-0.1700000000000017,0,
2023-12-11,-3.58,-7.14,-0.49,50.72,-7.84,0.14,52.29,-1.5700000000000005,0,
2023-12-12,-1.0,-6.7,2.8,51.35,-6.92,3.09,53.46,-2.1099999999999994,0,
2023-12-13,5.36,2.7,10.14,54.9,3.67,9.43,53.68,1.2199999999999989,0,
2023-12-14,-0.87,-4.46,3.14,44.21,-5.39,3.17,49.82,-5.609999999999999,0,
2023-12-15,-4.19,-7.8,1.22,54.61,-9.53,0.03,51.84,2.769999999999996,0,
2023-12-16,2.7,0.03,6.64,49.9,0.09,6.39,51.44,-1.5399999999999991,0,
2023-12-17,4.01,-0.69,7.23,47.32,0.33,7.53,51.5,-4.18,0,
2023-12-18,-3.07,-5.87,1.65,50.37,-6.83,3.2,52.04,-1.6700000000000017,0,
2023-12-19,6.6,1.34,11.76,59.51,0.0,13.19,54.86,4.649999999999999,0,
2023-12-20,0.66,-2.16,5.08,49.78,-2.13,6.0,51.76,-1.9799999999999969,0,
2023-12-21,1.56,-2.0,5.29,53.44,-1.94,5.22,52.11,1.3299999999999983,0,
2023-12-22,2.91,-0.34,7.55,51.91,0.29,8.37,54.61,-2.700000000000003,0,
2023-12-23,6.75,3.18,11.0,55.87,2.9,12.38,53.06,2.809999999999995,0,
2023-12-24,-1.33,-5.07,2.45,57.25,-5.86,2.01,54.71,2.539999999999999,0,
2023-12-25,2.6,-0.17,7.02,59.47,-0.94,6.02,52.63,6.839999999999996,0,
2023-12-26,2.69,-1.35,8.22,48.54,-0.87,9.26,49.19,-0.6499999999999986,0,
2023-12-27,3.0,0.6,9.37,55.74,0.13,9.11,53.27,2.469999999999999,0,
2023-12-28,-0.4,-2.82,3.91,51.89,-0.96,3.07,51.53,0.3599999999999994,0,
2023-12-29,-0.96,-4.63,3.17,57.36,-3.51,3.76,52.56,4.799999999999997,0,
2023-12-30,-3.46,-5.91,-0.73,48.23,-5.35,-0.67,50.89,-2.660000000000004,0,
2023-12-31,4.66,2.27,9.06,54.42,2.11,8.15,51.67,2.75,0,
2024-01-01,3.3,-0.3,7.3,47.51,0.42,6.39,46.51,1.0,0,
2024-01-02,2.9,2.2,4.3,42.63,0.74,3.74,46.63,-4.0,0,
2024-01-03,1.8,-1.1,4.0,43.76,0.14,3.42,46.76,-3.0,0,
2024-01-04,1.4,-3.3,4.7,48.89,-2.58,4.4,46.89,2.0,0,
2024-01-05,5.0,1.4,9.1,44.01,1.7,9.24,47.01,-3.0,0,
2024-01-06,0.7,-2.7,5.2,51.14,-1.58,3.82,47.14,4.0,0,
2024-01-07,-4.4,-8.3,-0.9,43.26,-7.91,-0.92,47.26,-4.0,0,
2024-01-08,-4.7,-10.3,0.0,49.39,-9.36,0.37,47.39,2.0,0,
2024-01-09,-0.6,-1.9,0.4,46.52,-4.26,2.24,47.52,-1.0,0,
2024-01-10,-1.0,-4.1,3.3,43.64,-4.84,2.72,47.64,-4.0,0,
2024-01-11,1.7,-2.4,4.5,51.77,-1.45,5.45,47.77,4.0,0,
2024-01-12,0.9,-1.4,4.2,43.89,-1.3,3.97,47.89,-4.0,0,
2024-01-13,0.4,-3.8,6.4,53.02,-2.28,7.57,48.02,5.0,0,
2024-01-14,-0.6,-3.3,2.4,63.14,-3.32,2.46,48.14,15.0,1,residual_spike_with_precursor
2024-01-15,-3.7,-6.9,0.9,43.27,-6.54,0.05,48.27,-5.0,0,
2024-01-16,-2.1,-7.2,4.3,51.39,-8.1,3.89,48.39,3.0,0,
2024-01-17,0.6,-2.3,1.9,46.52,-0.23,2.77,48.52,-2.0,0,
2024-01-18,4.5,1.4,9.4,53.64,0.41,11.0,48.64,5.0,0,
2024-01-19,5.4,4.0,9.0,52.76,2.91,8.01,48.76,4.0,0,
2024-01-20,3.4,1.9,4.9,45.89,2.07,5.2,48.89,-3.0,0,
2024-01-21,1.7,-2.4,4.3,45.01,-3.34,4.18,49.01,-4.0,0,
2024-01-22,-8.7,-11.9,-2.4,45.14,-10.68,-2.64,49.14,-4.0,0,
2024-01-23,-11.7,-14.0,-8.2,48.26,-14.41,-9.29,49.26,-1.0,0,
2024-01-24,-8.0,-11.2,-3.7,50.38,-12.42,-3.7,49.38,1.0,0,
2024-01-25,-5.3,-9.7,-0.5,44.51,-8.81,1.92,49.51,-5.0,0,
2024-01-26,-1.7,-6.9,4.0,45.63,-6.02,4.79,49.63,-4.0,0,
2024-01-27,-0.5,-4.6,4.6,51.75,-4.42,5.86,49.75,2.0,0,
2024-01-28,-1.5,-5.0,3.8,50.88,-5.81,3.19,49.88,1.0,0,
2024-01-29,-0.4,-4.8,4.6,53.0,-5.11,4.17,50.0,3.0,0,
2024-01-30,1.4,-4.0,8.1,50.12,-3.8,9.06,50.12,0.0,0,
2024-01-31,1.9,-2.65,8.15,53.25,-4.36,8.62,50.25,3.0,0,
2024-02-01,2.4,-1.3,8.2,45.37,-2.92,8.09,50.37,-5.0,0,
2024-02-02,3.1,0.7,7.9,46.49,-0.28,8.85,50.49,-4.0,0,
2024-02-03,4.7,-0.2,8.3,54.62,-0.66,8.99,50.62,4.0,0,
2024-02-04,7.3,3.7,12.2,52.74,5.5,12.68,50.74,2.0,0,
2024-02-05,2.7,0.1,6.6,54.86,0.93,6.5,50.86,4.0,0,
2024-02-06,1.2,0.0,2.9,51.99,0.01,3.01,50.99,1.0,0,
2024-02-07,0.6,-0.9,2.7,51.11,-0.31,3.1,51.11,0.0,0,
2024-02-08,0.6,-3.0,6.2,56.23,-2.72,7.19,51.23,5.0,0,
2024-02-09,1.1,-2.5,6.1,48.36,-2.3,6.07,51.36,-3.0,0,
2024-02-10,1.7,-1.5,7.4,52.48,-2.52,6.13,51.48,1.0,0,
2024-02-11,1.0,-3.1,5.5,48.6,-3.86,5.61,51.6,-3.0,0,
2024-02-12,3.5,-2.9,10.5,55.73,-2.46,10.55,51.73,4.0,0,
2024-02-13,8.2,2.0,13.7,49.85,2.5,13.58,51.85,-2.0,0,
2024-02-14,12.9,8.8,18.3,51.97,9.9,17.29,51.97,0.0,0,
2024-02-15,4.5,0.6,11.6,56.1,0.13,12.02,52.1,4.0,0,
2024-02-16,2.3,-1.5,8.1,57.22,-2.4,6.84,52.22,5.0,0,
2024-02-17,4.4,-1.2,11.7,55.35,-0.95,12.51,52.35,3.0,0,
2024-02-18,6.2,1.2,9.4,52.47,1.86,8.52,52.47,0.0,0,
2024-02-19,9.1,4.2,11.9,51.6,4.94,11.25,52.6,-1.0,0,
2024-02-20,4.3,2.8,6.8,53.72,3.39,7.8,52.72,1.0,0,
2024-02-21,1.9,0.0,4.0,55.85,0.98,4.03,52.85,3.0,0,
2024-02-22,0.2,-1.1,1.6,53.97,-2.03,3.01,52.97,1.0,0,
2024-02-23,1.8,-1.0,6.1,56.1,-0.54,5.03,53.1,3.0,0,
2024-02-24,2.0,-1.3,5.9,58.22,-0.82,5.59,53.22,5.0,0,
2024-02-25,2.8,0.8,5.9,57.35,2.26,6.26,53.35,4.0,0,
2024-02-26,3.8,-1.2,9.7,53.47,-2.04,10.48,53.47,0.0,0,
2024-02-27,5.3,1.2,9.8,49.6,1.01,9.49,53.6,-4.0,0,
2024-02-28,6.4,3.2,10.1,54.73,4.02,9.1,53.73,1.0,0,
2024-02-29,4.8,0.3,9.6,55.85,0.2,10.12,53.85,2.0,0,
2024-03-01,-4.1,-7.1,0.3,54.98,-6.63,1.23,53.98,1.0,0,
2024-03-02,-0.5,-8.1,4.1,52.11,-6.81,4.0,54.11,-2.0,0,
2024-03-03,4.0,0.4,7.8,49.24,-0.69,8.47,54.24,-5.0,0,
2024-03-04,5.4,-1.8,11.7,54.36,-2.53,11.49,54.36,0.0,0,
2024-03-05,8.0,5.5,11.0,57.49,7.27,10.95,54.49,3.0,0,
2024-03-06,6.2,2.5,10.3,50.62,2.94,9.88,54.62,-4.0,0,
2024-03-07,3.9,1.2,8.2,51.75,0.11,5.81,54.75,-3.0,0,
2024-03-08,2.1,-0.7,6.5,56.88,-1.77,6.86,54.88,2.0,0,
2024-03-09,2.0,-2.1,7.1,56.01,-3.02,6.41,55.01,1.0,0,
2024-03-10,4.2,-1.8,10.6,58.14,-1.93,9.78,55.14,3.0,0,
2024-03-11,6.2,2.0,10.8,59.27,3.27,11.07,55.27,4.0,0,
2024-03-12,6.6,4.4,10.0,55.4,4.89,10.91,55.4,0.0,0,
2024-03-13,6.5,1.3,12.0,55.53,1.34,11.65,55.53,0.0,0,
2024-03-14,8.5,3.4,15.4,53.66,2.83,15.71,55.66,-2.0,0,
2024-03-15,8.9,4.0,14.5,59.79,3.81,13.93,55.79,4.0,0,
2024-03-16,10.9,4.4,18.3,55.92,3.94,20.39,55.92,0.0,0,
2024-03-17,8.8,5.4,12.2,52.06,6.06,12.68,56.06,-4.0,0,
2024-03-18,7.1,1.4,13.2,51.19,1.67,14.0,56.19,-5.0,0,
2024-03-19,6.7,3.9,9.8,56.32,5.26,9.38,56.32,0.0,0,
2024-03-20,4.4,1.2,8.7,56.46,2.94,8.23,56.46,0.0,0,
2024-03-21,5.0,-1.2,11.5,58.59,0.13,11.87,56.59,2.0,0,
2024-03-22,10.4,3.8,15.2,60.73,5.0,15.46,56.73,4.0,0,
2024-03-23,13.0,9.3,18.2,52.86,10.08,19.05,56.86,-4.0,0,
2024-03-24,16.2,10.5,23.4,60.0,10.73,23.52,57.0,3.0,0,
2024-03-25,10.6,6.7,14.5,56.13,6.22,15.48,57.13,-1.0,0,
2024-03-26,7.4,3.2,12.4,57.27,3.75,11.67,57.27,0.0,0,
2024-03-27,10.4,4.4,16.2,62.41,3.96,16.85,57.41,5.0,0,
2024-03-28,10.3,7.8,12.2,55.54,9.1,12.1,57.54,-2.0,0,
2024-03-29,7.6,5.0,12.3,52.68,3.77,12.34,57.68,-5.0,0,
2024-03-30,8.8,3.0,15.6,59.82,2.79,14.95,57.82,2.0,0,
2024-03-31,10.5,4.25,17.3,52.96,4.5,18.07,57.96,-5.0,0,
2024-04-01,12.2,5.5,19.0,54.1,5.88,17.14,58.1,-4.0,0,
2024-04-02,15.4,7.0,23.9,62.24,7.38,24.62,58.24,4.0,0,
2024-04-03,16.6,13.9,19.7,62.38,13.87,19.32,58.38,4.0,0,
2024-04-04,15.5,12.4,20.3,57.52,12.25,19.07,58.52,-1.0,0,
2024-04-05,14.0,10.2,18.8,55.66,9.05,17.82,58.66,-3.0,0,
2024-04-06,12.7,8.0,18.9,63.81,7.93,18.83,58.81,5.0,0,
2024-04-07,14.8,7.7,23.4,56.95,6.63,24.27,58.95,-2.0,0,
2024-04-08,16.2,11.0,22.8,57.09,12.07,21.31,59.09,-2.0,0,
2024-04-09,15.3,10.6,20.8,56.24,10.01,21.01,59.24,-3.0,0,
2024-04-10,13.8,10.2,18.5,58.38,9.35,20.38,59.38,-1.0,0,
2024-04-11,15.5,11.7,21.1,61.53,12.07,20.72,59.53,2.0,0,
2024-04-12,17.2,12.0,24.2,60.67,12.25,25.3,59.67,1.0,0,
2024-04-13,19.1,11.2,27.3,60.82,12.38,27.84,59.82,1.0,0,
2024-04-14,20.8,13.6,29.4,60.97,12.59,30.07,59.97,1.0,0,
2024-04-15,16.0,11.7,20.0,57.11,12.15,21.92,60.11,-3.0,0,
2024-04-16,13.3,11.5,17.9,61.26,11.87,17.01,60.26,1.0,0,
2024-04-17,15.0,9.7,21.8,60.41,9.88,22.9,60.41,0.0,0,
2024-04-18,17.3,10.7,24.9,60.56,12.52,25.21,60.56,0.0,0,
2024-04-19,17.6,11.5,24.3,60.71,11.92,23.84,60.71,0.0,0,
2024-04-20,14.9,13.0,17.2,62.86,12.37,17.21,60.86,2.0,0,
2024-04-21,17.2,13.3,21.7,57.0,12.39,20.88,61.0,-4.0,0,
2024-04-22,18.8,15.0,24.1,64.15,15.71,23.83,61.15,3.000000000000007,0,
2024-04-23,17.3,13.2,24.2,66.3,14.53,24.32,61.3,5.0,0,
2024-04-24,13.2,11.0,16.5,56.45,10.94,16.93,61.45,-5.0,0,
2024-04-25,14.4,10.3,20.8,59.6,11.1,22.09,61.6,-2.0,0,
2024-04-26,17.8,11.4,26.0,65.75,11.24,28.01,61.75,4.0,0,
2024-04-27,18.2,11.5,26.2,57.9,11.21,27.12,61.9,-4.0,0,
2024-04-28,20.7,13.0,28.9,65.05,12.61,28.95,62.05,3.0,0,
2024-04-29,20.9,16.9,26.1,65.2,16.07,25.62,62.2,3.0,0,
2024-04-30,18.6,16.0,22.5,64.35,16.73,22.49,62.35,1.999999999999993,0,
2024-05-01,18.5,13.9,24.0,66.5,13.48,22.89,62.5,4.0,0,
2024-05-02,18.1,12.4,23.7,61.65,12.95,23.51,62.65,-1.0,0,
2024-05-03,19.7,12.2,27.9,60.8,12.49,29.34,62.8,-2.0,0,
2024-05-04,21.4,14.6,28.5,58.95,14.58,29.05,62.95,-4.0,0,
2024-05-05,17.8,15.7,20.6,59.1,15.2,19.39,63.1,-4.0,0,
2024-05-06,13.9,13.4,15.7,58.25,13.09,16.09,63.25,-5.0,0,
2024-05-07,13.3,12.2,15.0,63.4,11.62,14.62,63.4,0.0,0,
2024-05-08,14.7,9.0,21.4,67.54,8.95,20.77,63.54,4.000000000000007,0,
2024-05-09,16.1,10.9,21.8,68.69,11.53,20.47,63.69,5.0,0,
2024-05-10,17.9,12.5,23.8,58.84,13.5,24.49,63.84,-5.0,0,
2024-05-11,17.0,14.0,22.0,65.98,13.65,21.16,63.98,2.000000000000007,0,
2024-05-12,16.6,11.9,21.6,67.13,11.71,21.54,64.13,3.0,0,
2024-05-13,18.3,11.9,24.5,69.28,12.72,25.85,64.28,5.0,0,
2024-05-14,18.8,12.7,24.7,66.42,12.22,24.81,64.42,2.0,0,
2024-05-15,12.6,7.2,18.8,60.57,5.66,19.24,64.57,-3.999999999999993,0,
2024-05-16,13.7,6.9,19.8,63.71,7.41,19.38,64.71,-0.9999999999999928,0,
2024-05-17,18.3,10.8,24.9,66.85,10.02,25.95,64.85,2.0,0,
2024-05-18,20.7,16.0,26.5,69.0,16.15,25.33,65.0,4.0,0,
2024-05-19,21.5,15.9,27.9,66.14,14.61,28.52,65.14,1.0,0,
2024-05-20,19.4,16.8,22.8,70.28,17.08,23.11,65.28,5.0,0,
2024-05-21,21.7,16.3,28.3,60.42,16.64,28.11,65.42,-5.0,0,
2024-05-22,20.5,16.4,25.5,70.56,16.14,24.43,65.56,5.0,0,
2024-05-23,20.2,15.8,26.4,69.7,15.02,27.0,65.7,4.0,0,
2024-05-24,20.1,15.7,24.7,63.84,15.04,25.7,65.84,-2.0,0,
2024-05-25,21.4,18.7,24.7,67.98,19.1,23.89,65.98,2.0,0,
2024-05-26,19.9,17.0,23.7,66.11,18.12,24.07,66.11,0.0,0,
2024-05-27,18.5,14.1,22.6,65.25,13.83,22.08,66.25,-1.0,0,
2024-05-28,20.4,14.3,26.1,69.38,14.68,27.01,66.38,3.0,0,
2024-05-29,21.2,15.4,26.8,64.52,15.65,26.16,66.52,-2.0,0,
2024-05-30,20.7,16.2,24.6,62.65,18.27,24.38,66.65,-4.000000000000007,0,
2024-05-31,20.7,16.85,24.9,64.78,19.0,25.33,66.78,-2.0,0,
2024-06-01,20.7,17.5,25.2,66.91,16.97,25.57,66.91,0.0,0,
2024-06-02,20.4,15.7,25.8,68.04,16.19,25.24,67.04,1.0,0,
2024-06-03,22.2,15.7,28.7,72.17,15.53,29.09,67.17,5.0,0,
2024-06-04,22.8,16.3,29.3,71.3,15.58,29.97,67.3,4.0,0,
2024-06-05,23.6,18.1,30.1,69.42,18.51,30.65,67.42,2.0,0,
2024-06-06,24.1,19.3,31.4,70.55,18.99,31.74,67.55,3.0,0,
2024-06-07,23.1,18.3,28.0,63.67,17.87,26.83,67.67,-4.0,0,
2024-06-08,20.3,17.9,25.0,65.79,18.87,25.58,67.79,-2.0,0,
2024-06-09,22.9,17.4,28.8,69.91,16.25,28.94,67.91,2.0,0,
2024-06-10,24.7,19.0,31.1,69.03,20.13,32.54,68.03,1.0,0,
2024-06-11,25.4,21.7,31.6,72.15,22.57,31.68,68.15,4.0,0,
2024-06-12,24.8,19.2,31.8,66.26,19.16,31.83,68.26,-2.0,0,
2024-06-13,26.4,20.0,32.8,65.38,19.99,33.16,68.38,-3.0,0,
2024-06-14,26.3,21.4,33.0,64.49,22.64,32.66,68.49,-4.0,0,
2024-06-15,24.2,21.8,28.2,65.6,21.23,28.38,68.6,-3.0,0,
2024-06-16,24.3,19.9,29.5,63.71,21.5,30.12,68.71,-4.999999999999993,0,
2024-06-17,24.8,18.9,30.2,63.81,18.23,29.9,68.81,-5.0,0,
2024-06-18,26.0,20.4,32.9,64.92,19.84,33.06,68.92,-4.0,0,
2024-06-19,28.8,21.4,35.8,67.02,21.5,36.45,69.02,-2.0,0,
2024-06-20,29.4,23.4,35.4,72.12,22.9,34.81,69.12,3.0,0,
2024-06-21,28.1,22.9,33.9,71.22,22.96,35.81,69.22,2.0,0,
2024-06-22,24.2,22.6,26.1,64.32,23.39,26.39,69.32,-5.0,0,
2024-06-23,25.1,22.5,30.1,70.42,22.75,29.31,69.42,1.0,0,
2024-06-24,24.3,21.2,27.9,65.51,20.19,27.95,69.51,-4.0,0,
2024-06-25,22.9,19.1,27.2,72.6,18.64,27.13,69.6,3.0,0,
2024-06-26,24.9,18.9,31.6,69.69,19.49,32.35,69.69,0.0,0,
2024-06-27,26.3,20.6,31.6,74.78,20.34,30.74,69.78,5.0,0,
2024-06-28,26.6,21.3,32.5,67.86,21.81,32.97,69.86,-2.0,0,
2024-06-29,26.7,21.6,32.3,67.95,23.18,32.52,69.95,-2.0,0,
2024-06-30,23.5,22.0,24.9,75.03,20.66,26.77,70.03,5.0,0,
2024-07-01,26.3,22.0,31.3,66.1,21.11,30.51,70.1,-4.0,0,
2024-07-02,23.2,21.9,25.2,68.18,21.94,25.99,70.18,-2.0,0,
2024-07-03,24.7,23.6,25.9,75.25,23.02,26.02,70.25,5.0,0,
2024-07-04,26.8,23.2,30.6,73.32,22.95,30.42,70.32,3.0,0,
2024-07-05,23.4,21.3,26.1,67.39,21.68,25.85,70.39,-3.0,0,
2024-07-06,25.1,22.1,30.0,74.46,22.17,30.3,70.46,4.0,0,
2024-07-07,24.4,21.5,28.2,65.52,21.8,30.42,70.52,-5.0,0,
2024-07-08,23.8,23.1,24.5,70.58,24.21,27.21,70.58,0.0,0,
2024-07-09,24.5,22.7,26.7,65.64,22.99,25.99,70.64,-5.0,0,
2024-07-10,26.6,22.7,31.1,73.69,22.73,30.98,70.69,3.0,0,
2024-07-11,25.7,23.3,28.9,72.74,23.78,28.94,70.74,2.0,0,
2024-07-12,25.6,21.8,30.2,69.79,20.99,30.73,70.79,-1.0,0,
2024-07-13,28.1,23.5,33.3,74.84,23.77,34.14,70.84,4.0,0,
2024-07-14,28.4,24.9,32.1,72.89,25.04,31.66,70.89,2.0,0,
2024-07-15,28.4,24.5,31.3,66.93,24.92,31.43,70.93,-4.0,0,
2024-07-16,27.0,24.6,30.7,74.97,23.2,31.3,70.97,4.0,0,
2024-07-17,25.4,24.1,28.1,73.01,24.38,27.92,71.01,2.0,0,
2024-07-18,24.3,23.1,25.6,72.04,22.89,26.0,71.04,1.0,0,
2024-07-19,27.0,24.2,30.8,71.07,24.61,30.87,71.07,0.0,0,
2024-07-20,27.2,25.1,30.6,76.1,25.08,30.07,71.1,5.0,0,
2024-07-21,26.5,22.5,29.8,75.13,21.98,29.76,71.13,4.0,0,
2024-07-22,26.6,24.3,27.9,68.15,24.75,28.64,71.15,-3.0,0,
2024-07-23,26.4,25.8,27.3,71.17,25.16,28.16,71.17,0.0,0,
2024-07-24,28.1,26.0,30.9,70.19,26.27,32.78,71.19,-1.0,0,
2024-07-25,28.8,25.4,32.2,66.21,26.01,31.12,71.21,-5.0,0,
2024-07-26,28.7,25.2,32.7,66.22,25.39,32.14,71.22,-5.0,0,
2024-07-27,28.9,27.5,31.7,69.24,28.24,32.9,71.24,-2.0,0,
2024-07-28,29.2,27.3,32.2,67.24,28.39,32.36,71.24,-4.0,0,
2024-07-29,27.4,26.8,27.8,76.25,25.2,28.2,71.25,5.0,0,
2024-07-30,28.6,26.3,31.9,69.25,24.9,30.71,71.25,-2.0,0,
2024-07-31,29.25,26.8,32.55,69.26,27.39,32.67,71.26,-2.0,0,
2024-08-01,29.9,27.3,33.2,72.25,27.56,33.58,71.25,1.0,0,
2024-08-02,29.6,28.2,32.5,75.25,28.67,32.43,71.25,4.0,0,
2024-08-03,30.2,27.2,34.2,76.24,27.09,35.04,71.24,5.0,0,
2024-08-04,31.8,27.3,36.2,74.23,25.37,37.07,71.23,3.0,0,
2024-08-05,30.0,26.9,33.7,73.22,26.79,33.77,71.22,2.0,0,
2024-08-06,29.5,25.6,33.5,75.21,24.67,33.42,71.21,4.0,0,
2024-08-07,29.6,27.2,33.4,75.19,27.79,33.09,71.19,4.0,0,
2024-08-08,28.5,26.9,31.6,73.17,27.13,32.85,71.17,2.0,0,
2024-08-09,29.3,25.6,33.6,76.15,25.06,34.57,71.15,5.0,0,
2024-08-10,30.0,26.4,33.6,71.12,25.47,33.12,71.12,0.0,0,
2024-08-11,30.8,27.8,34.4,69.09,29.22,34.26,71.09,-2.0,0,
2024-08-12,31.1,28.2,34.1,68.06,29.56,33.04,71.06,-3.0,0,
2024-08-13,31.3,28.1,36.4,72.03,28.86,37.46,71.03,1.0,0,
2024-08-14,30.0,27.3,34.9,72.0,26.16,35.54,71.0,1.0,0,
2024-08-15,29.2,26.7,34.6,74.96,28.2,34.89,70.96,4.0,0,
2024-08-16,29.8,26.8,34.3,66.92,25.83,33.89,70.92,-4.0,0,
2024-08-17,29.8,27.2,34.0,65.87,27.26,34.37,70.87,-5.0,0,
2024-08-18,29.5,27.0,33.9,72.83,27.31,35.13,70.83,2.0,0,
2024-08-19,29.7,26.3,35.3,71.78,26.87,35.76,70.78,1.0,0,
2024-08-20,31.4,27.0,35.4,66.73,27.75,37.66,70.73,-4.0,0,
2024-08-21,28.4,26.9,30.8,67.68,27.73,31.15,70.68,-3.0,0,
2024-08-22,28.6,27.1,30.3,75.62,27.97,31.11,70.62,5.0,0,
2024-08-23,28.4,26.4,31.8,74.56,27.42,31.24,70.56,4.0,0,
2024-08-24,27.6,25.1,30.9,68.5,25.58,30.81,70.5,-2.0,0,
2024-08-25,28.5,24.9,32.7,70.44,25.37,31.69,70.44,0.0,0,
2024-08-26,28.1,25.6,30.6,70.37,25.86,30.33,70.37,0.0,0,
2024-08-27,26.5,24.6,30.3,69.3,23.7,30.5,70.3,-1.0,0,
2024-08-28,28.2,23.0,33.2,67.23,21.8,34.62,70.23,-3.0,0,
2024-08-29,28.4,23.4,33.5,66.16,23.93,34.0,70.16,-4.0,0,
2024-08-30,28.0,23.7,32.9,72.08,24.26,31.69,70.08,2.0,0,
2024-08-31,27.55,24.15,32.25,69.0,25.0,33.37,70.0,-1.0,0,
2024-09-01,27.1,24.6,31.6,67.92,23.09,30.68,69.92,-2.0,0,
2024-09-02,24.5,22.2,26.9,64.84,22.42,26.37,69.84,-5.0,0,
2024-09-03,27.0,23.2,32.0,66.75,23.16,31.1,69.75,-3.0,0,
2024-09-04,27.9,23.2,33.3,65.66,22.59,31.99,69.66,-4.0,0,
2024-09-05,26.3,25.6,28.8,72.57,25.82,30.23,69.57,3.0,0,
2024-09-06,24.0,23.3,25.7,70.48,23.26,26.26,69.48,1.0,0,
2024-09-07,26.5,22.8,31.3,66.38,23.4,33.24,69.38,-3.0,0,
2024-09-08,27.2,22.6,32.8,66.28,20.97,33.46,69.28,-3.0,0,
2024-09-09,28.5,24.1,34.1,71.18,24.58,34.31,69.18,2.0,0,
2024-09-10,29.4,25.6,33.9,67.08,27.05,34.57,69.08,-2.0,0,
2024-09-11,29.0,25.4,34.6,68.97,26.05,35.41,68.97,0.0,0,
2024-09-12,25.4,24.8,27.1,71.86,23.24,26.24,68.86,3.0,0,
2024-09-13,25.9,24.2,28.0,72.75,24.37,28.7,68.75,4.0,0,
2024-09-14,28.0,25.2,32.2,63.64,25.58,30.76,68.64,-5.0,0,
2024-09-15,27.5,24.2,32.4,63.52,23.83,33.78,68.52,-4.999999999999993,0,
2024-09-16,26.8,21.3,32.2,70.4,20.7,31.64,68.4,2.0,0,
2024-09-17,28.6,25.8,33.2,68.28,25.39,32.7,68.28,0.0,0,
2024-09-18,29.4,26.5,33.6,68.16,26.78,33.19,68.16,0.0,0,
2024-09-19,29.1,25.6,32.6,93.03,24.76,33.63,68.03,25.0,1,residual_spike_with_precursor
2024-09-20,25.0,17.9,28.6,65.91,17.26,29.92,67.91,-2.0,0,
2024-09-21,19.3,17.1,21.9,70.77,16.45,21.54,67.77,3.0,0,
2024-09-22,21.0,16.9,26.7,62.64,17.93,26.62,67.64,-5.0,0,
2024-09-23,20.8,16.6,26.1,65.51,15.75,26.09,67.51,-2.0,0,
2024-09-24,21.0,15.6,26.9,66.37,15.43,25.6,67.37,-1.0,0,
2024-09-25,23.3,18.6,27.3,66.23,17.02,27.93,67.23,-1.0,0,
2024-09-26,23.6,21.1,28.0,71.09,19.84,26.88,67.09,4.0,0,
2024-09-27,22.7,19.1,28.0,63.94,20.42,27.73,66.94,-3.0,0,
2024-09-28,23.2,19.2,27.9,68.8,20.53,26.89,66.8,2.0,0,
2024-09-29,23.5,19.1,29.0,62.65,18.25,28.97,66.65,-4.000000000000007,0,
2024-09-30,23.0,18.3,28.5,69.5,18.46,27.5,66.5,3.0,0,
2024-10-01,18.3,13.3,21.7,71.34,13.4,20.55,66.34,5.0,0,
2024-10-02,14.9,11.6,19.9,68.19,11.18,20.45,66.19,2.0,0,
2024-10-03,16.4,10.8,22.5,71.03,9.62,22.88,66.03,5.0,0,
2024-10-04,17.6,11.9,24.2,69.87,11.39,23.36,65.87,4.0,0,
2024-10-05,17.5,11.6,24.4,64.71,10.85,24.61,65.71,-1.0,0,
2024-10-06,15.4,12.3,17.9,64.54,12.76,16.53,65.54,-1.0,0,
2024-10-07,16.9,14.0,20.7,68.38,14.42,20.27,65.38,3.0,0,
2024-10-08,17.7,12.7,23.9,65.21,13.27,24.71,65.21,0.0,0,
2024-10-09,18.8,13.9,24.4,69.04,12.84,24.62,65.04,4.0,0,
2024-10-10,18.8,15.3,24.1,62.87,14.8,24.56,64.87,-2.000000000000007,0,
2024-10-11,18.6,13.9,24.4,59.69,12.94,25.37,64.69,-5.0,0,
2024-10-12,18.3,13.4,24.7,69.52,12.7,23.96,64.52,5.0,0,
2024-10-13,18.3,12.6,22.6,68.34,12.45,24.67,64.34,4.0,0,
2024-10-14,19.3,17.6,21.5,69.16,17.83,22.03,64.16,5.0,0,
2024-10-15,19.2,17.6,21.9,67.98,17.58,22.13,63.98,4.000000000000007,0,
2024-10-16,18.2,14.4,24.2,64.8,15.01,25.41,63.8,1.0,0,
2024-10-17,19.0,13.8,25.7,65.61,15.52,26.32,63.61,2.0,0,
2024-10-18,17.4,16.2,18.8,66.42,16.14,19.14,63.42,3.0,0,
2024-10-19,16.6,12.4,21.1,65.23,11.08,18.85,63.23,2.000000000000007,0,
2024-10-20,13.4,10.5,17.8,65.04,10.43,16.76,63.04,2.000000000000007,0,
2024-10-21,14.8,9.7,19.3,65.85,8.67,19.14,62.85,2.999999999999993,0,
2024-10-22,15.5,14.9,16.6,63.65,14.43,17.43,62.65,1.0,0,
2024-10-23,12.7,9.4,15.5,63.46,9.84,14.65,62.46,1.0,0,
2024-10-24,12.5,7.1,18.4,65.26,6.98,16.42,62.26,3.000000000000007,0,
2024-10-25,14.9,8.7,21.5,61.06,8.9,20.3,62.06,-1.0,0,
2024-10-26,17.0,10.7,24.0,65.86,10.47,22.72,61.86,4.0,0,
2024-10-27,16.0,14.0,18.8,57.65,14.03,19.15,61.65,-4.0,0,
2024-10-28,15.7,12.3,20.4,61.45,12.02,21.12,61.45,0.0,0,
2024-10-29,15.0,13.4,18.3,60.24,13.8,19.0,61.24,-1.0,0,
2024-10-30,15.7,11.4,21.4,66.03,11.38,21.63,61.03,5.0,0,
2024-10-31,15.5,12.15,20.05,57.82,11.36,18.59,60.82,-3.0,0,
2024-11-01,15.3,12.9,18.7,61.6,12.68,19.01,60.6,1.0,0,
2024-11-02,18.1,13.0,25.1,56.39,14.33,24.01,60.39,-4.0,0,
2024-11-03,17.6,13.0,23.5,64.17,12.79,23.13,60.17,4.0,0,
2024-11-04,14.8,8.9,18.3,61.95,8.38,17.14,59.95,2.0,0,
2024-11-05,9.1,5.6,14.7,63.73,4.76,14.42,59.73,4.0,0,
2024-11-06,7.5,4.1,12.5,63.51,3.35,11.64,59.51,4.0,0,
2024-11-07,7.8,1.6,15.7,60.28,1.77,16.38,59.28,1.0,0,
2024-11-08,10.2,3.1,18.1,57.06,3.69,17.83,59.06,-2.0,0,
2024-11-09,12.9,6.8,20.3,57.83,7.23,21.97,58.83,-1.0,0,
2024-11-10,14.4,10.3,21.0,53.6,10.57,22.6,58.6,-5.0,0,
2024-11-11,14.6,9.7,21.8,55.37,9.34,21.18,58.37,-3.0,0,
2024-11-12,14.3,11.0,19.2,61.14,11.41,19.81,58.14,3.0,0,
2024-11-13,14.2,8.3,21.3,57.9,8.53,22.04,57.9,0.0,0,
2024-11-14,14.8,13.2,16.8,57.66,12.78,16.45,57.66,0.0,0,
2024-11-15,17.0,13.7,21.5,59.42,11.8,20.4,57.42,2.0,0,
2024-11-16,17.0,14.4,22.6,54.18,14.97,22.9,57.18,-3.0,0,
2024-11-17,7.0,2.1,14.4,60.94,1.39,14.21,56.94,4.0,0,
2024-11-18,2.8,-0.7,7.9,59.7,-0.26,7.45,56.7,3.0,0,
2024-11-19,5.7,0.3,11.3,56.45,2.32,9.39,56.45,0.0,0,
2024-11-20,6.5,2.4,9.6,56.21,2.42,9.68,56.21,0.0,0,
2024-11-21,9.7,6.0,14.1,55.96,5.28,14.92,55.96,0.0,0,
2024-11-22,6.2,3.3,10.6,50.71,4.82,11.49,55.71,-5.0,0,
2024-11-23,6.4,1.5,12.6,55.45,2.37,13.4,55.45,0.0,0,
2024-11-24,7.4,2.6,14.2,50.2,2.02,14.79,55.2,-5.0,0,
2024-11-25,10.1,3.6,15.4,58.94,3.42,15.68,54.94,4.0,0,
2024-11-26,5.8,1.0,12.7,51.69,-0.19,12.32,54.69,-3.0,0,
2024-11-27,-0.4,-1.3,1.2,58.43,-1.49,1.51,54.43,4.0,0,
2024-11-28,0.8,-1.7,3.4,52.17,-2.03,3.67,54.17,-2.0,0,
2024-11-29,0.2,-3.4,3.4,51.91,-3.65,3.7,53.91,-2.0,0,
2024-11-30,2.5,-0.5,5.6,53.65,-0.49,4.46,53.65,0.0,0,
2024-12-01,5.2,1.6,8.2,51.38,1.06,7.61,53.38,-2.0,0,
2024-12-02,6.4,0.6,13.0,58.12,0.99,12.64,53.12,5.0,0,
2024-12-03,1.3,-2.4,5.2,47.85,-1.34,4.08,52.85,-5.0,0,
2024-12-04,3.1,-0.6,6.9,50.58,-0.27,7.1,52.58,-2.0,0,
2024-12-05,3.9,-0.1,8.8,48.31,-0.8,8.52,52.31,-4.0,0,
2024-12-06,2.1,-0.4,5.2,51.04,1.01,6.5,52.04,-1.0,0,
2024-12-07,0.2,-2.5,4.6,47.77,-1.98,3.19,51.77,-4.0,0,
2024-12-08,-0.2,-3.9,4.1,50.5,-2.11,5.28,51.5,-1.0,0,
2024-12-09,1.0,-3.8,7.4,55.22,-4.78,7.22,51.22,4.0,0,
2024-12-10,2.6,-1.9,6.9,54.95,-0.86,8.08,50.95,4.0,0,
2024-12-11,3.0,0.2,8.2,54.67,0.8,7.52,50.67,4.0,0,
2024-12-12,0.5,-3.2,5.4,53.4,-3.76,5.92,50.4,3.0,0,
2024-12-13,1.0,-1.5,4.5,52.12,-0.11,5.49,50.12,2.0,0,
2024-12-14,-0.8,-3.6,2.5,47.84,-5.36,3.22,49.84,-2.0,0,
2024-12-15,1.2,-2.2,5.4,46.56,-1.46,5.63,49.56,-3.0,0,
2024-12-16,-0.2,-3.3,3.9,47.28,-3.13,3.61,49.28,-2.0,0,
2024-12-17,-0.8,-3.5,3.8,53.0,-3.36,3.61,49.0,4.0,0,
2024-12-18,-3.4,-6.2,0.9,50.72,-5.78,1.71,48.72,2.0,0,
2024-12-19,-1.4,-6.7,4.9,51.43,-7.7,5.59,48.43,3.0,0,
2024-12-20,1.4,-2.1,5.3,47.15,0.57,5.29,48.15,-1.0,0,
2024-12-21,-0.7,-4.7,1.9,49.86,-4.72,1.9,47.86,2.0,0,
2024-12-22,-3.4,-7.7,1.0,48.58,-8.69,0.11,47.58,1.0,0,
2024-12-23,0.3,-5.0,6.7,52.29,-6.55,5.84,47.29,5.0,0,
2024-12-24,-0.4,-4.3,5.1,50.01,-3.95,4.71,47.01,3.0,0,
2024-12-25,2.7,-1.1,6.5,44.72,-0.87,6.33,46.72,-2.0,0,
2024-12-26,0.1,-4.8,4.2,49.43,-5.81,3.49,46.43,3.0,0,
2024-12-27,-2.6,-5.9,1.8,51.14,-5.2,1.81,46.14,5.0,0,
2024-12-28,-3.0,-6.7,1.1,46.85,-7.01,0.45,45.85,1.0,0,
2024-12-29,1.1,-4.2,6.1,46.56,-3.74,5.91,45.56,1.0,0,
2024-12-30,5.5,1.9,10.1,48.27,1.13,9.48,45.27,3.0,0,
2024-12-31,3.3,-1.15,8.1,42.98,-0.84,6.36,44.98,-2.0,0,
